1,Cardguard,opresley0@so-net.ne.jp,Centralized bottom-line instruction set,2020-08-25 10:58:00
2,Transcof,pstrafford1@istockphoto.com,Persevering optimizing task-force,2020-07-06 21:21:01
3,Alphazap,cmaypother2@lycos.com,Compatible fresh-thinking concept,2020-06-11 07:32:25
4,Flexidy,vshanklin3@rakuten.co.jp,Progressive content-based portal,2021-02-22 23:37:50
5,Subin,aclaybourne4@blog.com,Assimilated encompassing groupware,2021-01-17 04:52:38
6,Ventosanzap,didel5@hubpages.com,Open-source object-oriented task-force,2020-05-01 15:31:34
7,Job,lfilippazzo6@gizmodo.com,Upgradable local infrastructure,2020-08-14 05:56:57
8,Biodex,goulner7@apple.com,Phased even-keeled moratorium,2021-04-18 13:18:02
9,Tresom,awillmetts8@bbb.org,Horizontal maximized pricing structure,2020-08-03 14:32:46
10,Stim,dgabbitis9@skyrock.com,Versatile empowering groupware,2020-05-27 19:30:25
11,Alpha,nbroadbenta@soundcloud.com,Persistent user-facing framework,2020-12-27 21:52:09
12,Bitchip,hcausbeyb@indiatimes.com,Secured motivating leverage,2021-05-09 07:13:16
13,Fix San,tshortanc@vk.com,Compatible 3rd generation function,2020-08-26 08:31:25
14,Y-Solowarm,hwaltersd@vinaora.com,Synchronised contextually-based superstructure,2020-05-08 14:20:49
15,Stim,pdunniome@ustream.tv,Multi-lateral clear-thinking extranet,2021-04-19 22:11:47
16,Bytecard,vcrottaghf@howstuffworks.com,Multi-channelled dedicated contingency,2020-12-09 17:41:38
17,Prodder,rgeelang@slideshare.net,Expanded modular throughput,2020-06-30 13:33:55
18,Wrapsafe,jrambergh@w3.org,Focused contextually-based focus group,2020-12-31 04:46:35
19,Tempsoft,ymoffeti@miitbeian.gov.cn,Configurable client-server strategy,2020-09-26 09:54:06
20,Vagram,vmcareej@wikispaces.com,Devolved multi-state architecture,2020-11-21 00:53:58
21,Keylex,zfeehilyk@livejournal.com,Total mission-critical paradigm,2020-12-30 18:59:02
22,Job,cgiffenl@latimes.com,Devolved contextually-based policy,2021-04-05 00:35:52
23,Sub-Ex,dtebbsm@123-reg.co.uk,Function-based intangible internet solution,2021-02-04 12:08:06
24,Bamity,ehorsleyn@umich.edu,Cloned secondary product,2021-04-25 07:49:19
25,Tempsoft,mgrishinovo@soup.io,Reduced human-resource parallelism,2020-08-22 14:22:46
26,Kanlam,ademitrisp@dailymotion.com,Enterprise-wide well-modulated frame,2021-03-09 15:37:04
27,Fix San,scottleq@auda.org.au,Business-focused transitional hub,2020-12-05 21:52:00
28,Pannier,halbrookr@flavors.me,Cloned 24 hour paradigm,2021-03-16 02:22:02
29,Konklux,abritians@jimdo.com,Phased motivating productivity,2020-05-26 17:43:32
30,Stim,nkirsoppt@arizona.edu,Self-enabling client-driven info-mediaries,2020-08-13 08:34:57
31,Fintone,dcalderou@typepad.com,Realigned global interface,2020-05-12 12:58:16
32,Zaam-Dox,atournev@walmart.com,Compatible zero defect capability,2020-12-13 05:20:59
33,Voltsillam,dkybirdw@yale.edu,Public-key radical data-warehouse,2021-04-30 13:51:02
34,Konklab,oorgeex@shop-pro.jp,Reverse-engineered homogeneous time-frame,2020-09-28 11:03:39
35,Holdlamis,gcrummeyy@census.gov,Open-source holistic support,2021-01-29 20:41:01
36,Gembucket,kdowdenz@nba.com,Function-based dynamic system engine,2020-11-23 21:00:02
37,Holdlamis,ugiamelli10@washingtonpost.com,Inverse cohesive moratorium,2020-06-18 22:08:47
38,Fix San,zwormstone11@forbes.com,Vision-oriented 24/7 flexibility,2020-07-04 07:37:12
39,Keylex,ebools12@eepurl.com,Exclusive bi-directional time-frame,2021-04-14 13:26:47
40,Temp,scanepe13@pinterest.com,Proactive modular attitude,2020-08-11 05:20:31
41,Sub-Ex,jwrate14@live.com,Reduced directional monitoring,2021-02-21 21:07:13
42,Alphazap,lnewis15@upenn.edu,Inverse high-level conglomeration,2021-05-12 11:17:52
43,Voyatouch,abruineman16@salon.com,Reduced responsive productivity,2021-03-08 03:03:31
44,Matsoft,apirt17@bbc.co.uk,Progressive static migration,2020-07-25 05:49:35
45,Zathin,kpeattie18@theatlantic.com,Reactive optimizing archive,2021-01-22 13:17:18
46,Bytecard,hdimbleby19@delicious.com,Cross-platform responsive budgetary management,2020-08-15 16:12:29
47,Regrant,ssiveyer1a@cornell.edu,Adaptive reciprocal paradigm,2020-09-13 17:38:23
48,Holdlamis,semma1b@intel.com,Synergized clear-thinking superstructure,2020-05-09 00:41:37
49,Matsoft,splayhill1c@huffingtonpost.com,Adaptive 4th generation standardization,2020-07-24 19:00:18
50,Sub-Ex,katwater1d@bbb.org,Programmable actuating success,2020-08-25 04:23:00
51,Overhold,mleleu1e@zimbio.com,Cross-group holistic access,2021-03-06 02:56:34
52,Zontrax,bgontier1f@github.io,Diverse global firmware,2021-04-10 12:15:54
53,Quo Lux,imattisssen1g@sogou.com,Multi-lateral zero tolerance success,2021-02-01 22:37:21
54,Mat Lam Tam,tdrynan1h@freewebs.com,Multi-layered intangible framework,2020-09-28 02:34:32
55,Job,iedards1i@dropbox.com,Inverse modular strategy,2021-05-10 19:52:12
56,Andalax,tbartolomeo1j@posterous.com,Sharable logistical application,2021-01-21 13:07:06
57,Span,ckeppin1k@4shared.com,Self-enabling bifurcated neural-net,2021-05-03 06:50:17
58,Konklab,wmiddlemass1l@gizmodo.com,Reactive multi-state groupware,2020-09-24 12:40:14
59,It,bnorssister1m@blogtalkradio.com,Exclusive holistic knowledge user,2021-04-19 13:17:39
60,Flowdesk,cblesing1n@mayoclinic.com,Quality-focused bandwidth-monitored implementation,2020-06-25 14:24:20
61,Wrapsafe,iralfe1o@bloglovin.com,Future-proofed transitional workforce,2020-07-04 02:52:12
62,Sub-Ex,nclarricoates1p@amazon.co.uk,Polarised client-server time-frame,2020-11-04 12:02:23
63,Bigtax,jderisly1q@nature.com,Self-enabling encompassing extranet,2020-12-13 06:34:46
64,Alphazap,tlossman1r@redcross.org,De-engineered incremental hardware,2020-11-15 19:17:11
65,Voltsillam,wheathcott1s@sitemeter.com,Front-line multi-tasking internet solution,2020-05-22 09:34:12
66,Zoolab,smoynihan1t@sfgate.com,Managed bottom-line functionalities,2020-07-28 21:12:38
67,Konklab,nbielfeldt1u@vimeo.com,Cloned neutral alliance,2020-10-17 12:20:05
68,Ventosanzap,skalinowsky1v@tumblr.com,Pre-emptive coherent frame,2020-10-17 15:26:33
69,Duobam,kmackett1w@state.tx.us,Managed hybrid leverage,2020-05-12 13:59:50
70,Mat Lam Tam,ekennham1x@nhs.uk,Assimilated client-driven local area network,2021-04-08 19:32:56
71,Konklab,eworley1y@a8.net,Distributed stable ability,2020-07-04 13:44:44
72,Viva,bhriinchenko1z@amazonaws.com,Down-sized transitional infrastructure,2020-06-07 15:45:28
73,Fixflex,educhesne20@dyndns.org,Quality-focused scalable project,2020-10-03 01:44:50
74,Bitwolf,bandrew21@yolasite.com,Adaptive explicit toolset,2020-11-07 08:52:42
75,Span,hiacofo22@virginia.edu,Down-sized didactic toolset,2020-07-16 02:00:30
76,Greenlam,hburchett23@chron.com,Face to face uniform product,2020-07-01 15:29:01
77,Tampflex,mmaddigan24@wix.com,Enhanced mission-critical collaboration,2020-09-01 01:42:31
78,Holdlamis,lwiszniewski25@dropbox.com,Down-sized optimal model,2020-10-24 22:32:02
79,Rank,jcaddies26@imdb.com,Cross-group heuristic strategy,2021-04-14 10:40:46
80,Span,rreese27@samsung.com,Stand-alone empowering firmware,2020-10-16 07:57:05
81,Regrant,tgeorgeon28@flavors.me,Optimized analyzing orchestration,2021-03-05 12:05:03
82,Kanlam,rbrookbank29@ox.ac.uk,Networked dedicated archive,2020-12-15 21:12:03
83,Latlux,twillicott2a@hao123.com,Focused full-range knowledge base,2021-04-22 23:59:25
84,Cardify,ftryhorn2b@godaddy.com,Cross-group directional system engine,2021-05-03 02:15:35
85,Opela,mcartmail2c@youtube.com,Extended clear-thinking approach,2020-08-30 01:28:57
86,Sub-Ex,ekeets2d@slate.com,Right-sized logistical functionalities,2021-03-22 14:50:32
87,Lotstring,wsowerbutts2e@wsj.com,Open-architected disintermediate intranet,2020-06-17 20:08:26
88,Ventosanzap,wrosbotham2f@com.com,Business-focused zero administration knowledge base,2020-12-02 19:47:13
89,Ronstring,idescoffier2g@trellian.com,Multi-channelled demand-driven core,2020-08-12 05:49:46
90,Overhold,qwidocks2h@imdb.com,Profound real-time website,2020-06-25 16:35:02
91,Flowdesk,cspykings2i@amazon.co.jp,Total well-modulated moratorium,2021-01-06 18:31:49
92,Holdlamis,estreather2j@stumbleupon.com,Extended context-sensitive process improvement,2021-03-08 19:37:19
93,Biodex,bthexton2k@imageshack.us,Multi-tiered secondary installation,2020-05-06 23:30:13
94,Cardguard,bhenzley2l@about.me,User-friendly heuristic task-force,2020-07-14 00:30:16
95,Span,jbaggott2m@mtv.com,Ameliorated exuding database,2020-10-21 11:25:27
96,Zamit,pbarnsdale2n@reddit.com,Phased homogeneous project,2021-01-30 02:54:39
97,Bamity,mstarsmeare2o@weibo.com,De-engineered interactive Graphic Interface,2020-08-07 04:16:23
98,Keylex,bsemmence2p@oracle.com,Streamlined attitude-oriented customer loyalty,2020-12-24 04:51:13
99,Bitwolf,nhinchshaw2q@webs.com,Open-architected impactful focus group,2020-06-02 09:05:04
100,Cardify,mprestland2r@odnoklassniki.ru,Reduced multimedia superstructure,2020-08-04 21:04:23
101,Keylex,cmartini2s@yolasite.com,Balanced web-enabled function,2021-02-01 03:43:03
102,Solarbreeze,cluckes2t@miitbeian.gov.cn,De-engineered full-range conglomeration,2021-03-25 14:37:04
103,Domainer,smount2u@macromedia.com,Configurable 24/7 project,2021-01-03 11:07:17
104,Y-find,gblakeway2v@state.gov,Polarised discrete internet solution,2021-04-18 09:56:34
105,Bamity,khaggata2w@wisc.edu,Streamlined dedicated attitude,2021-05-01 15:35:46
106,Otcom,aide2x@timesonline.co.uk,Right-sized bifurcated secured line,2021-01-03 18:04:50
107,Prodder,lshernock2y@squarespace.com,Distributed cohesive alliance,2020-07-14 08:07:44
108,Regrant,gmclernon2z@dailymail.co.uk,Integrated secondary task-force,2021-02-23 22:55:00
109,Quo Lux,asoldi30@amazonaws.com,Innovative tangible capacity,2020-05-27 20:17:11
110,Fixflex,cliddy31@loc.gov,Customer-focused human-resource architecture,2020-12-05 23:29:07
111,Toughjoyfax,vreinert32@ft.com,Centralized stable portal,2021-01-18 01:14:53
112,Rank,sburk33@ted.com,Networked bi-directional Graphic Interface,2020-10-29 11:32:33
113,Domainer,rashwin34@cdbaby.com,User-centric uniform alliance,2020-09-19 23:46:58
114,Stronghold,jelsom35@eepurl.com,Self-enabling regional ability,2020-07-24 19:56:05
115,Zaam-Dox,edowzell36@1688.com,Mandatory hybrid emulation,2021-03-24 17:31:22
116,Flexidy,iskellorne37@cornell.edu,Intuitive secondary project,2020-06-07 20:34:16
117,Zathin,fceccoli38@cisco.com,Pre-emptive intermediate process improvement,2020-05-27 01:38:21
118,Holdlamis,dscowen39@theatlantic.com,Optional national access,2020-06-09 11:51:45
119,Namfix,wstonnell3a@godaddy.com,Public-key asymmetric model,2020-07-31 05:18:36
120,Latlux,cpittock3b@tumblr.com,De-engineered didactic projection,2021-02-21 11:56:19
121,Transcof,lgouldstraw3c@columbia.edu,Managed grid-enabled Graphic Interface,2020-12-11 09:33:55
122,Daltfresh,cbrassington3d@lulu.com,Upgradable explicit local area network,2020-07-15 10:33:34
123,Keylex,mcathenod3e@nasa.gov,Open-source empowering superstructure,2020-11-26 22:18:33
124,Voyatouch,awasmer3f@archive.org,Self-enabling human-resource frame,2020-08-04 06:46:35
125,Daltfresh,otatchell3g@behance.net,Configurable tertiary forecast,2021-02-12 09:29:21
126,Lotstring,ksavin3h@unicef.org,Team-oriented bi-directional capacity,2021-01-15 14:12:46
127,Sonair,bcoke3i@disqus.com,Total solution-oriented complexity,2020-07-07 03:48:00
128,Alphazap,tmacgray3j@joomla.org,Diverse heuristic intranet,2020-09-10 18:12:49
129,Hatity,lmoring3k@prnewswire.com,Diverse grid-enabled knowledge user,2020-08-13 00:39:29
130,Transcof,brivlin3l@dedecms.com,Seamless fresh-thinking orchestration,2020-10-17 12:00:22
131,Bamity,mtwaits3m@weibo.com,Synchronised bandwidth-monitored internet solution,2021-01-03 11:38:48
132,Holdlamis,ftriggel3n@webeden.co.uk,Triple-buffered interactive groupware,2021-01-08 20:54:48
133,Matsoft,fsally3o@berkeley.edu,Pre-emptive clear-thinking implementation,2021-05-09 20:02:29
134,Holdlamis,fbonifacio3p@shinystat.com,Total incremental portal,2021-05-01 07:52:28
135,Voyatouch,plockhead3q@wordpress.com,Persevering bandwidth-monitored info-mediaries,2020-07-28 18:24:22
136,Temp,ibreton3r@hc360.com,Total executive contingency,2021-01-30 11:57:10
137,Flowdesk,lkarpman3s@seattletimes.com,Optimized web-enabled protocol,2021-03-14 20:28:28
138,Overhold,amalatalant3t@fotki.com,Polarised holistic attitude,2021-01-18 01:48:49
139,Bitchip,rmckeaveney3u@princeton.edu,Optimized encompassing leverage,2020-06-04 21:57:53
140,Zoolab,srenshaw3v@indiegogo.com,Team-oriented eco-centric customer loyalty,2021-04-14 18:59:00
141,Flexidy,vpocknell3w@jiathis.com,Extended cohesive project,2020-07-22 01:48:27
142,Redhold,rskittrall3x@globo.com,Front-line local product,2020-06-21 08:50:17
143,Hatity,cpatrick3y@tripod.com,Integrated methodical info-mediaries,2020-12-08 03:28:28
144,Treeflex,sscutchin3z@storify.com,Operative background strategy,2020-09-23 20:09:50
145,Alpha,rloines40@free.fr,Exclusive dedicated secured line,2021-01-31 20:09:41
146,Span,klauder41@imdb.com,Enhanced content-based solution,2020-06-06 21:12:45
147,Cardguard,djauncey42@jimdo.com,Team-oriented transitional projection,2020-05-16 23:04:56
148,Zathin,ihustings43@nationalgeographic.com,Devolved reciprocal encryption,2021-04-12 11:25:26
149,Transcof,gdearnly44@ow.ly,Streamlined empowering complexity,2020-07-15 19:53:22
150,Lotlux,bruos45@soundcloud.com,Future-proofed optimizing ability,2021-04-21 13:54:29
151,Tres-Zap,dmactrustey46@ovh.net,Reactive value-added structure,2020-08-27 06:06:12
152,Gembucket,ismeed47@mapy.cz,Assimilated local productivity,2020-08-04 02:00:57
153,Span,celcy48@usda.gov,Virtual foreground matrix,2020-11-20 12:04:51
154,Trippledex,mfateley49@netlog.com,Advanced encompassing definition,2021-03-12 15:49:52
155,Bitchip,lausher4a@seesaa.net,Distributed holistic matrices,2020-07-11 12:00:11
156,Kanlam,nbobasch4b@home.pl,Progressive homogeneous time-frame,2020-12-19 20:12:48
157,Viva,sedbrooke4c@whitehouse.gov,Streamlined multimedia flexibility,2020-09-21 01:55:31
158,Tampflex,lkleewein4d@sciencedirect.com,Down-sized upward-trending monitoring,2020-06-02 21:10:46
159,Transcof,shargess4e@hatena.ne.jp,Distributed tertiary help-desk,2020-07-22 19:07:28
160,Voltsillam,ualbrooke4f@ucla.edu,Digitized web-enabled challenge,2020-07-10 05:11:41
161,Solarbreeze,jforsbey4g@cdbaby.com,Streamlined composite adapter,2020-08-05 00:35:54
162,Daltfresh,rrosenfrucht4h@furl.net,Ergonomic client-server open system,2021-03-13 11:36:08
163,Biodex,bdanaher4i@statcounter.com,Open-architected eco-centric portal,2020-12-17 21:23:11
164,Bytecard,cpapez4j@wikipedia.org,Universal analyzing budgetary management,2021-04-24 23:41:28
165,Wrapsafe,gpetyakov4k@friendfeed.com,User-friendly non-volatile capacity,2021-04-14 13:27:19
166,Duobam,egant4l@stanford.edu,Cross-group high-level core,2020-05-16 01:57:33
167,Bigtax,fvilliers4m@xrea.com,Ergonomic non-volatile strategy,2020-11-13 15:45:16
168,Alphazap,rbusson4n@4shared.com,Synergistic optimal Graphical User Interface,2021-03-07 10:55:47
169,Fintone,gapplewhaite4o@squarespace.com,Seamless stable initiative,2020-07-05 02:42:20
170,Zaam-Dox,rsayward4p@g.co,Triple-buffered 4th generation leverage,2020-11-07 10:01:14
171,Matsoft,bkee4q@google.com.hk,Customizable methodical moderator,2021-03-06 13:22:57
172,Regrant,ocuttings4r@cbsnews.com,Inverse executive internet solution,2021-05-10 14:57:29
173,Keylex,cbolmann4s@comcast.net,Upgradable homogeneous core,2020-11-14 09:45:41
174,Toughjoyfax,jgavaghan4t@theguardian.com,Vision-oriented web-enabled core,2020-09-26 14:23:03
175,Bitwolf,tbeglin4u@nifty.com,Seamless client-server encryption,2020-06-19 04:30:05
176,Sonsing,ccalderon4v@imgur.com,Operative fault-tolerant archive,2020-11-24 18:03:40
177,Sub-Ex,lbelvin4w@unc.edu,Multi-layered hybrid challenge,2021-01-17 16:40:58
178,Latlux,econnors4x@huffingtonpost.com,Up-sized neutral framework,2020-10-30 23:49:56
179,Andalax,merricker4y@jalbum.net,Expanded radical pricing structure,2020-12-01 18:00:07
180,Temp,sshawl4z@sciencedirect.com,Exclusive client-server protocol,2020-10-19 17:24:55
181,Hatity,meddleston50@example.com,Streamlined contextually-based support,2020-08-03 22:01:37
182,Konklux,ffreed51@imageshack.us,Expanded dedicated standardization,2020-06-18 02:28:11
183,Alphazap,nworswick52@angelfire.com,Managed high-level benchmark,2020-07-03 01:35:51
184,Tres-Zap,rmbarron53@instagram.com,Profound even-keeled matrix,2020-07-10 21:07:32
185,Ventosanzap,ghawtry54@nps.gov,Devolved bandwidth-monitored alliance,2020-06-01 08:46:55
186,Cookley,dleyson55@livejournal.com,Right-sized interactive encoding,2021-02-05 10:39:20
187,Domainer,bbande56@etsy.com,Devolved multi-state orchestration,2021-04-15 00:14:34
188,Stronghold,wdowne57@fda.gov,Extended bandwidth-monitored database,2020-12-25 08:46:18
189,Home Ing,ckloisner58@aol.com,Enterprise-wide non-volatile secured line,2020-05-04 05:21:55
190,Fix San,yjeromson59@census.gov,Re-contextualized secondary function,2020-12-21 17:04:06
191,Viva,ckennady5a@multiply.com,Grass-roots full-range portal,2020-10-17 09:36:17
192,Zaam-Dox,mgreasty5b@alexa.com,Innovative incremental policy,2021-01-25 22:48:45
193,Zaam-Dox,pwalklot5c@wiley.com,Exclusive zero administration service-desk,2020-07-08 06:23:39
194,Veribet,apozer5d@tinypic.com,Decentralized motivating analyzer,2020-08-05 09:08:12
195,Stringtough,blownds5e@barnesandnoble.com,Secured analyzing hub,2020-11-19 16:55:27
196,Fixflex,ahawford5f@ifeng.com,Team-oriented needs-based hierarchy,2020-11-26 22:39:52
197,Zontrax,sfeatherstonehaugh5g@answers.com,Monitored 24 hour secured line,2020-06-24 03:44:05
198,Span,smariet5h@bloomberg.com,Reduced value-added protocol,2020-05-13 15:13:22
199,Bamity,gwalework5i@fda.gov,Advanced needs-based info-mediaries,2020-10-03 09:42:19
200,Y-find,wbottom5j@vk.com,Cross-platform directional complexity,2021-03-23 00:59:02
201,Rank,cbaudassi5k@bandcamp.com,Optimized responsive flexibility,2020-06-04 15:26:02
202,Mat Lam Tam,kdawidowitsch5l@hc360.com,Visionary fresh-thinking throughput,2020-11-01 02:38:50
203,Domainer,gscouse5m@gizmodo.com,Fully-configurable disintermediate leverage,2021-04-08 21:48:49
204,Prodder,hsaleway5n@shinystat.com,Balanced neutral concept,2020-07-22 22:00:27
205,Fintone,wkryzhov5o@meetup.com,User-centric uniform info-mediaries,2020-05-17 14:24:22
206,Job,pphilbin5p@mac.com,Fully-configurable explicit flexibility,2020-08-03 10:01:13
207,Viva,bdhooge5q@ucla.edu,User-friendly well-modulated portal,2021-03-01 02:12:54
208,Pannier,mwestmore5r@arstechnica.com,Function-based clear-thinking archive,2020-05-05 02:30:16
209,Kanlam,rfidal5s@nih.gov,Intuitive solution-oriented software,2020-11-29 20:46:46
210,Rank,rhoodspeth5t@xing.com,Open-source global artificial intelligence,2020-06-03 12:31:05
211,Cardify,bfakeley5u@ycombinator.com,Customizable bi-directional challenge,2020-11-07 14:01:22
212,Andalax,lmalinowski5v@mozilla.org,Optional incremental implementation,2021-01-10 15:17:15
213,Job,mcasarini5w@unesco.org,Integrated exuding array,2020-11-21 14:02:33
214,Fixflex,nboggs5x@sciencedaily.com,Down-sized needs-based migration,2020-09-05 06:50:43
215,Zathin,jcobb5y@psu.edu,Customer-focused contextually-based migration,2020-08-11 21:17:58
216,Fix San,nlorenzetto5z@sakura.ne.jp,Extended multimedia open system,2021-04-17 04:17:43
217,Bytecard,lpalffy60@dyndns.org,Digitized impactful protocol,2020-05-30 16:57:04
218,Y-Solowarm,sblacksland61@tinypic.com,Reduced encompassing monitoring,2020-12-29 00:25:02
219,Overhold,yupson62@sogou.com,Ameliorated didactic orchestration,2020-05-20 04:04:00
220,Zamit,cbeeching63@independent.co.uk,Cross-platform leading edge core,2020-07-23 11:53:03
221,Pannier,jferber64@digg.com,Robust client-server flexibility,2020-07-06 19:43:05
222,Fix San,bbaptiste65@cpanel.net,Extended reciprocal process improvement,2020-09-30 09:10:38
223,Alpha,acane66@indiatimes.com,Centralized client-driven functionalities,2020-08-09 03:14:18
224,Duobam,pewbanche67@slideshare.net,De-engineered neutral array,2020-05-03 14:45:28
225,Y-Solowarm,hilling68@auda.org.au,Up-sized clear-thinking support,2020-09-06 03:44:41
226,Bytecard,olacoste69@plala.or.jp,User-friendly eco-centric structure,2021-03-25 17:43:35
227,Zoolab,potierney6a@oakley.com,Organic incremental artificial intelligence,2020-10-08 22:48:58
228,Zontrax,hburkett6b@behance.net,Exclusive attitude-oriented success,2020-11-03 03:14:02
229,Prodder,charkes6c@dailymail.co.uk,Multi-layered stable toolset,2021-05-10 11:14:25
230,Quo Lux,jmcbrady6d@cornell.edu,Public-key 5th generation projection,2020-12-05 13:23:36
231,Zaam-Dox,cillingworth6e@oaic.gov.au,Triple-buffered transitional forecast,2020-12-02 07:27:13
232,Alphazap,dfishly6f@paypal.com,Operative executive algorithm,2021-01-27 14:36:29
233,Flexidy,bbinch6g@cam.ac.uk,Ergonomic optimizing protocol,2020-11-25 22:55:23
234,Zathin,aroma6h@npr.org,Integrated transitional local area network,2021-03-19 17:59:39
235,Tresom,cbailes6i@1und1.de,Exclusive zero tolerance encryption,2020-11-13 14:43:46
236,Opela,jmeneyer6j@dell.com,Object-based client-driven functionalities,2021-04-26 05:00:03
237,Quo Lux,conoulane6k@globo.com,Inverse discrete product,2020-06-02 04:58:24
238,Sonsing,gockendon6l@canalblog.com,Sharable object-oriented matrix,2020-05-21 15:24:18
239,Opela,mwarbys6m@bluehost.com,Fundamental explicit attitude,2020-05-05 06:51:10
240,Voyatouch,dwisniewski6n@blinklist.com,Grass-roots responsive matrix,2020-08-14 20:40:47
241,Holdlamis,shanfrey6o@symantec.com,Balanced optimizing system engine,2020-12-05 03:51:28
242,Ronstring,gstading6p@fema.gov,Cloned scalable archive,2021-01-24 10:47:25
243,Zamit,grapley6q@msu.edu,Configurable zero defect info-mediaries,2021-05-01 22:55:49
244,Kanlam,rsignoret6r@google.co.uk,Monitored client-driven access,2020-08-12 01:12:24
245,It,gplewes6s@google.co.uk,Configurable directional methodology,2021-04-29 07:46:35
246,Treeflex,hmazey6t@ucoz.ru,User-centric bottom-line parallelism,2021-02-17 12:13:33
247,Transcof,dschankel6u@oracle.com,Future-proofed homogeneous process improvement,2021-02-07 05:52:08
248,Treeflex,ahartfield6v@cloudflare.com,Devolved discrete hardware,2020-09-24 15:36:21
249,Regrant,pthorby6w@youtu.be,Polarised transitional strategy,2020-05-03 07:22:18
250,Zamit,cgaven6x@cloudflare.com,Down-sized actuating time-frame,2021-02-04 03:15:55
251,Latlux,msirette6y@marriott.com,Triple-buffered eco-centric intranet,2020-10-21 11:42:18
252,Fixflex,auzzell6z@indiegogo.com,Enterprise-wide zero defect artificial intelligence,2020-11-21 00:13:51
253,Flowdesk,sbuxsey70@tinypic.com,Digitized tangible internet solution,2021-02-28 01:46:02
254,Y-find,jnewick71@mlb.com,Grass-roots empowering capability,2021-01-16 12:42:45
255,Rank,wsegar72@so-net.ne.jp,Horizontal static adapter,2020-06-30 03:40:48
256,Fintone,ggreenan73@github.com,Fully-configurable 3rd generation capacity,2020-11-03 22:11:01
257,Home Ing,dbracchi74@amazonaws.com,Multi-tiered asymmetric firmware,2020-12-03 04:51:46
258,Kanlam,astrange75@youku.com,Grass-roots bifurcated framework,2020-05-22 13:34:41
259,Zoolab,amaccaghan76@foxnews.com,Seamless real-time product,2021-04-15 07:45:59
260,Home Ing,mmoxson77@cbslocal.com,Synchronised fresh-thinking contingency,2020-05-06 23:28:02
261,Vagram,chawkridge78@ftc.gov,Switchable systemic workforce,2020-11-29 03:17:02
262,Ventosanzap,sstempe79@instagram.com,Secured upward-trending workforce,2020-06-09 06:41:27
263,Regrant,bmacconnal7a@trellian.com,Synergistic user-facing throughput,2020-11-12 07:00:45
264,Regrant,bbarbera7b@typepad.com,Pre-emptive 3rd generation benchmark,2021-04-18 01:30:54
265,Voyatouch,cmcomish7c@ca.gov,Configurable impactful functionalities,2020-11-10 01:30:38
266,Bitchip,jgrayling7d@techcrunch.com,Phased static model,2020-10-30 07:17:07
267,Treeflex,lrembrandt7e@liveinternet.ru,Cross-group object-oriented product,2020-07-12 20:25:16
268,Viva,cbilam7f@purevolume.com,Managed client-server functionalities,2020-05-04 03:51:45
269,Subin,nmckenzie7g@mail.ru,Quality-focused scalable application,2021-05-09 05:21:31
270,Vagram,vrantoul7h@buzzfeed.com,Realigned actuating superstructure,2020-09-26 01:31:59
271,Ventosanzap,ldome7i@sun.com,Seamless mission-critical time-frame,2020-06-06 15:54:11
272,Regrant,tgodney7j@patch.com,Extended zero defect utilisation,2020-05-23 14:08:45
273,Tempsoft,jmcquie7k@wiley.com,Multi-lateral real-time utilisation,2020-08-22 02:38:48
274,Flowdesk,irigmand7l@e-recht24.de,Compatible didactic hub,2020-12-28 06:32:24
275,Overhold,sallibone7m@networkadvertising.org,Quality-focused actuating focus group,2020-09-26 06:05:37
276,Temp,fwaugh7n@umn.edu,Ameliorated secondary Graphic Interface,2020-11-29 01:33:36
277,Latlux,hsimion7o@yolasite.com,Automated maximized architecture,2020-09-16 21:26:42
278,Lotstring,dkleinstein7p@phoca.cz,Reactive scalable intranet,2020-06-27 15:19:43
279,Quo Lux,agurrado7q@gov.uk,Digitized empowering hierarchy,2020-09-04 11:00:58
280,Kanlam,tpharo7r@google.pl,Reverse-engineered coherent encoding,2020-12-09 06:38:40
281,Solarbreeze,gsallnow7s@zimbio.com,Open-architected methodical groupware,2021-02-12 07:20:20
282,Temp,sballin7t@washingtonpost.com,Virtual incremental pricing structure,2020-10-14 18:27:12
283,Opela,ktoomey7u@cmu.edu,Grass-roots 24/7 collaboration,2021-01-26 09:43:17
284,Tresom,cpariso7v@cnbc.com,Profound eco-centric process improvement,2021-04-13 12:04:21
285,Pannier,glamble7w@hud.gov,Switchable uniform standardization,2020-05-21 11:44:23
286,Holdlamis,mpaten7x@51.la,Automated responsive matrices,2020-11-26 05:05:46
287,Ronstring,byouhill7y@bluehost.com,Centralized system-worthy flexibility,2020-07-28 10:33:09
288,Mat Lam Tam,scornehl7z@vk.com,Inverse coherent framework,2020-10-13 13:28:47
289,It,mharner80@kickstarter.com,Adaptive zero tolerance methodology,2021-02-06 12:10:34
290,Mat Lam Tam,zrubra81@arstechnica.com,Upgradable upward-trending help-desk,2020-11-14 12:56:36
291,Redhold,acroote82@mayoclinic.com,Public-key executive methodology,2020-05-08 11:27:07
292,Flexidy,rcarragher83@moonfruit.com,Visionary mobile array,2020-12-19 23:15:29
293,Voltsillam,bstrutz84@accuweather.com,Intuitive hybrid emulation,2020-09-08 06:11:05
294,Latlux,dstitle85@usda.gov,Adaptive 24 hour complexity,2020-11-15 05:33:40
295,Ventosanzap,jburgisi86@illinois.edu,Distributed mission-critical extranet,2020-07-19 22:44:11
296,Fintone,nbluck87@mapquest.com,Streamlined background monitoring,2021-03-11 21:04:02
297,Ronstring,acallaghan88@economist.com,Centralized cohesive complexity,2021-05-02 04:43:35
298,Kanlam,sholtum89@cornell.edu,Open-source static hardware,2020-08-22 03:00:15
299,Fix San,gtommeo8a@marriott.com,Inverse optimal middleware,2020-06-05 14:30:54
300,Zathin,jogarmen8b@reverbnation.com,Progressive well-modulated model,2021-04-13 16:51:14
301,Y-find,alamplugh8c@disqus.com,Optional scalable success,2021-04-18 00:54:29
302,Kanlam,ptiron8d@moonfruit.com,Multi-lateral optimizing implementation,2020-05-22 16:33:51
303,Voyatouch,jwotton8e@hatena.ne.jp,Expanded fresh-thinking challenge,2021-05-08 11:40:51
304,Bigtax,fsate8f@cdbaby.com,Ameliorated stable parallelism,2021-01-15 05:58:04
305,Andalax,ftschersich8g@simplemachines.org,Face to face solution-oriented model,2020-09-06 19:34:24
306,Aerified,ladvani8h@yahoo.com,Horizontal systemic model,2020-05-28 17:16:00
307,Domainer,emilillo8i@umn.edu,Cloned composite workforce,2020-06-14 16:10:09
308,Treeflex,owalworth8j@phoca.cz,Grass-roots stable throughput,2021-02-18 20:30:19
309,Zathin,ggoatman8k@canalblog.com,User-centric static neural-net,2020-05-25 16:34:15
310,Cardify,vbiggin8l@ow.ly,Cross-group upward-trending ability,2021-05-03 11:17:40
311,Stronghold,cdobrovolski8m@nps.gov,Virtual stable interface,2020-06-13 11:35:08
312,Konklab,tbarnewell8n@friendfeed.com,Integrated attitude-oriented encoding,2020-10-04 21:57:16
313,Stringtough,vmullineux8o@jiathis.com,Reduced scalable implementation,2021-01-27 03:41:22
314,Sonair,kbaroche8p@ucla.edu,Versatile bandwidth-monitored challenge,2020-05-02 21:42:22
315,Flowdesk,jjohns8q@blogger.com,Quality-focused didactic internet solution,2021-02-15 05:48:10
316,Hatity,ejirka8r@comcast.net,Open-source composite project,2020-05-22 21:43:58
317,Fix San,fbear8s@sohu.com,Visionary solution-oriented structure,2021-01-29 02:23:51
318,Otcom,huebel8t@reference.com,Advanced next generation extranet,2020-09-12 04:18:20
319,Solarbreeze,rklainer8u@redcross.org,Seamless encompassing encoding,2020-05-01 05:44:53
320,Matsoft,aleates8v@businesswire.com,Visionary hybrid artificial intelligence,2020-11-19 15:24:24
321,Voltsillam,abarlas8w@cnn.com,Programmable multimedia secured line,2020-07-14 02:24:51
322,Bitchip,esteeples8x@amazon.co.uk,Sharable interactive attitude,2021-02-08 01:39:45
323,Sonsing,omattingly8y@liveinternet.ru,Organic web-enabled core,2021-03-04 06:41:06
324,Flexidy,djoskowitz8z@omniture.com,Sharable leading edge extranet,2020-12-08 20:25:23
325,Vagram,asafhill90@apple.com,Self-enabling user-facing Graphical User Interface,2020-09-26 11:22:38
326,Y-Solowarm,myeend91@nationalgeographic.com,Extended leading edge budgetary management,2020-06-16 12:16:21
327,Gembucket,hkenwell92@unicef.org,De-engineered demand-driven structure,2021-04-28 07:42:11
328,Domainer,bkeller93@github.io,Multi-tiered next generation architecture,2021-05-04 08:24:40
329,Opela,ahubbard94@goodreads.com,Ergonomic 3rd generation groupware,2021-01-13 11:41:21
330,Cardify,lzanazzi95@mapquest.com,Grass-roots radical conglomeration,2021-03-08 09:59:34
331,Bitwolf,jshire96@mapy.cz,Operative directional hierarchy,2020-08-05 14:19:44
332,Tempsoft,cmylechreest97@dell.com,Vision-oriented needs-based core,2021-04-21 20:42:48
333,Alphazap,lcaps98@sogou.com,Secured 4th generation orchestration,2020-12-20 02:54:38
334,Stronghold,jleil99@t-online.de,Multi-lateral bottom-line functionalities,2020-09-10 07:20:49
335,Opela,cwackly9a@hhs.gov,Monitored grid-enabled interface,2020-11-16 03:34:33
336,Duobam,vlinthead9b@howstuffworks.com,Diverse coherent focus group,2021-03-21 22:23:15
337,Span,dmckea9c@gov.uk,Streamlined empowering productivity,2020-12-11 09:16:46
338,Tempsoft,gdows9d@omniture.com,Versatile intangible synergy,2020-11-05 23:24:52
339,Bitwolf,ggarthside9e@cnn.com,Advanced object-oriented customer loyalty,2021-04-05 06:47:07
340,Voltsillam,dnevet9f@i2i.jp,Assimilated zero defect artificial intelligence,2021-02-05 02:50:05
341,Biodex,mvoules9g@admin.ch,Public-key intangible capability,2021-04-30 06:56:19
342,Lotlux,bjagg9h@kickstarter.com,Universal interactive focus group,2021-03-07 00:50:29
343,Voltsillam,gmerlin9i@redcross.org,Upgradable hybrid middleware,2020-07-16 01:44:13
344,Fintone,tmcknockiter9j@scientificamerican.com,Ameliorated interactive emulation,2020-12-31 09:20:57
345,Bitchip,gferreres9k@cnbc.com,Persevering actuating capability,2021-01-02 01:56:47
346,Tresom,whaistwell9l@ed.gov,Universal bi-directional definition,2021-04-19 22:04:22
347,Toughjoyfax,dbelle9m@hp.com,Robust bottom-line challenge,2020-10-05 22:33:18
348,Tin,gdowyer9n@amazon.co.jp,Multi-tiered regional complexity,2020-11-29 01:23:10
349,Holdlamis,mnerheny9o@lycos.com,Business-focused bandwidth-monitored installation,2021-05-05 22:20:08
350,Trippledex,sjaquin9p@so-net.ne.jp,Reverse-engineered eco-centric leverage,2020-10-10 04:42:12
351,Redhold,dcaddock9q@google.nl,Optimized object-oriented synergy,2020-10-17 21:41:24
352,Viva,gsigars9r@freewebs.com,Secured system-worthy adapter,2021-05-03 12:32:26
353,Temp,jnayer9s@trellian.com,Compatible mission-critical architecture,2021-03-08 14:58:16
354,Transcof,ltuftin9t@sogou.com,Multi-lateral secondary software,2020-09-09 01:27:24
355,Andalax,ssambeck9u@sciencedirect.com,Cloned well-modulated projection,2020-05-04 09:28:30
356,Bitchip,lrosso9v@gmpg.org,Right-sized modular circuit,2020-10-11 10:45:05
357,Treeflex,hbaccup9w@mlb.com,Optional grid-enabled capability,2020-10-10 12:26:48
358,Vagram,ttowler9x@goo.ne.jp,Phased content-based architecture,2020-08-04 04:10:09
359,Trippledex,ndumini9y@narod.ru,Open-source zero tolerance local area network,2021-05-10 02:49:37
360,Kanlam,zklement9z@exblog.jp,Advanced empowering conglomeration,2021-03-22 05:39:38
361,Zoolab,gpunta0@umn.edu,De-engineered human-resource leverage,2021-02-22 08:28:58
362,Keylex,kwolseleya1@discuz.net,Synchronised well-modulated parallelism,2021-01-14 22:59:31
363,Y-find,wtotha2@google.com,Open-source heuristic conglomeration,2021-01-04 20:55:43
364,Y-Solowarm,irogistera3@google.fr,Down-sized global methodology,2020-07-04 02:49:53
365,Tres-Zap,awrankmorea4@360.cn,Monitored disintermediate function,2021-02-15 19:50:40
366,Subin,tandreia5@over-blog.com,Diverse actuating collaboration,2021-01-26 04:39:17
367,Tresom,aphrippa6@dailymotion.com,Devolved motivating moratorium,2020-12-15 19:09:55
368,Fix San,zslidesa7@diigo.com,Synchronised upward-trending protocol,2021-05-05 19:43:23
369,Tresom,cprogera8@macromedia.com,Face to face encompassing benchmark,2020-11-24 01:01:48
370,Kanlam,jmerigota9@nature.com,Monitored regional workforce,2021-03-09 08:22:57
371,Zontrax,bchaceaa@latimes.com,Organic coherent budgetary management,2020-05-31 05:03:28
372,Tresom,rrignallab@reverbnation.com,Re-contextualized 5th generation task-force,2021-04-25 09:48:23
373,Sub-Ex,rpeponac@bbb.org,Phased upward-trending productivity,2020-12-18 02:52:24
374,Aerified,bgoffordad@123-reg.co.uk,Adaptive full-range concept,2020-08-01 20:44:56
375,Treeflex,fpriestnallae@qq.com,Configurable well-modulated model,2020-10-20 16:48:23
376,It,gbrisbaneaf@prlog.org,Enterprise-wide 4th generation middleware,2020-11-06 21:33:18
377,Konklux,hcannerag@ehow.com,User-centric logistical access,2021-02-11 08:48:48
378,Alpha,fclaireah@princeton.edu,Distributed client-server strategy,2020-05-16 09:06:13
379,Redhold,cmaddysonai@constantcontact.com,Centralized logistical analyzer,2020-08-03 09:37:53
380,Transcof,rbaswallaj@printfriendly.com,User-centric fresh-thinking firmware,2020-10-17 18:23:56
381,Solarbreeze,hzavattariak@unesco.org,Cloned zero administration standardization,2020-11-09 07:00:55
382,Andalax,fpowdrellal@goodreads.com,Focused logistical framework,2020-10-06 08:49:53
383,Konklab,bskeenam@wikipedia.org,Quality-focused clear-thinking task-force,2021-04-03 06:04:39
384,Cardguard,stomasianan@soup.io,Organized modular alliance,2020-05-28 23:23:13
385,Alpha,mgeorgelinao@nytimes.com,Re-contextualized non-volatile infrastructure,2020-09-16 16:43:20
386,Lotlux,vceciap@mtv.com,Persevering modular time-frame,2020-06-22 06:57:32
387,Alphazap,tcristouaq@uiuc.edu,Public-key composite help-desk,2020-08-11 05:16:09
388,Konklab,ltebbsar@hp.com,Phased logistical middleware,2021-04-29 15:57:34
389,Zoolab,lstogglesas@forbes.com,Optional bifurcated internet solution,2021-02-09 13:37:14
390,Redhold,jwoodusat@chicagotribune.com,Centralized asymmetric intranet,2020-12-01 00:54:08
391,Redhold,btrueloveau@cbslocal.com,User-friendly 5th generation project,2021-04-28 11:01:20
392,Duobam,mrattrieav@e-recht24.de,Exclusive executive process improvement,2020-11-08 21:00:19
393,Andalax,anorthleighaw@wisc.edu,Diverse exuding Graphical User Interface,2020-06-16 12:20:36
394,Treeflex,yhobgenax@jugem.jp,Total fault-tolerant instruction set,2020-09-06 22:34:41
395,Quo Lux,dingredaay@usnews.com,Digitized tangible migration,2020-06-24 23:59:41
396,Span,fgoldsbyaz@mozilla.com,Grass-roots multi-tasking success,2020-11-03 20:38:50
397,Konklab,wwhittickb0@issuu.com,Integrated composite infrastructure,2020-05-18 08:39:16
398,Zaam-Dox,lscareb1@quantcast.com,Expanded motivating array,2020-11-22 16:35:30
399,Lotlux,cplaisterb2@acquirethisname.com,Automated clear-thinking solution,2020-08-04 11:03:38
400,Cardguard,dgrewb3@china.com.cn,Object-based leading edge application,2020-07-30 18:02:36
401,Flexidy,lmayellb4@dailymotion.com,Persistent exuding parallelism,2021-03-30 13:43:37
402,Transcof,wdanettb5@surveymonkey.com,Cross-platform non-volatile product,2021-05-03 18:48:41
403,Vagram,jbathersbyb6@istockphoto.com,Synergistic zero administration moderator,2020-07-19 05:12:50
404,Toughjoyfax,skeartonb7@over-blog.com,Right-sized 24/7 internet solution,2021-03-26 11:33:32
405,Y-find,akienleinb8@irs.gov,Enterprise-wide tertiary conglomeration,2020-07-27 20:31:48
406,Treeflex,cperrymanb9@altervista.org,Automated dedicated algorithm,2020-07-23 11:45:26
407,Domainer,tbraffingtonba@twitter.com,Enterprise-wide bandwidth-monitored middleware,2020-06-29 05:04:25
408,Pannier,njeffreebb@ucla.edu,Customizable asynchronous info-mediaries,2020-06-16 00:25:39
409,Zamit,lsneezumbc@theatlantic.com,Synergistic eco-centric analyzer,2020-12-17 19:19:41
410,Bytecard,bikinbd@reference.com,Horizontal hybrid artificial intelligence,2021-03-16 17:30:30
411,Alphazap,mwoolfordbe@webs.com,Operative leading edge ability,2020-10-08 17:22:46
412,Asoka,sbullardbf@flickr.com,Triple-buffered mobile knowledge user,2020-07-23 09:34:18
413,Domainer,mdonwellbg@umn.edu,Seamless client-driven knowledge user,2020-07-19 12:21:38
414,Transcof,ndubockbh@prweb.com,Exclusive asynchronous support,2020-10-04 19:22:03
415,Treeflex,cmckinstrybi@sina.com.cn,User-centric directional matrices,2020-08-25 15:31:50
416,Tin,cjoscelynbj@mediafire.com,Phased full-range leverage,2021-03-25 07:21:40
417,Pannier,grennelsbk@prnewswire.com,Persistent incremental synergy,2020-08-23 10:03:00
418,Fix San,gtregoningbl@newsvine.com,Open-architected explicit workforce,2021-03-27 19:15:15
419,Cardify,bmoortonbm@craigslist.org,Persistent value-added frame,2020-05-08 15:27:32
420,Latlux,jstubleybn@kickstarter.com,Organized system-worthy knowledge base,2020-09-28 12:17:49
421,Fixflex,gthackeraybo@nytimes.com,Realigned background utilisation,2020-05-26 06:39:33
422,Home Ing,ntongbp@free.fr,Switchable zero administration ability,2020-12-20 13:08:34
423,Rank,wthravesbq@washington.edu,Synergized didactic strategy,2020-06-11 07:52:10
424,Tempsoft,nwoodruffebr@upenn.edu,Diverse analyzing moderator,2020-08-11 00:13:56
425,Keylex,tcortinbs@pbs.org,Triple-buffered coherent alliance,2020-11-16 06:18:00
426,Lotlux,cmacrorybt@stumbleupon.com,Business-focused high-level framework,2020-07-22 15:15:14
427,Ventosanzap,ukellebu@bloomberg.com,Open-architected zero administration approach,2020-08-08 22:12:11
428,Daltfresh,ctargebv@taobao.com,Fundamental 4th generation success,2020-11-06 08:41:15
429,Daltfresh,atraillbw@admin.ch,Proactive national process improvement,2020-12-08 21:45:06
430,Ronstring,ijanningsbx@dailymotion.com,Enterprise-wide upward-trending knowledge user,2020-10-25 07:42:49
431,Matsoft,bsebastianby@lycos.com,Face to face multimedia attitude,2020-12-08 14:17:34
432,Fintone,msauterbz@reverbnation.com,Versatile well-modulated algorithm,2021-02-22 12:18:14
433,Tempsoft,lrosendallc0@statcounter.com,Public-key web-enabled database,2020-06-11 23:12:03
434,Gembucket,sbaylisc1@springer.com,Reverse-engineered intermediate capacity,2020-08-25 00:08:39
435,Daltfresh,aantoinetc2@oakley.com,Adaptive full-range approach,2020-08-14 05:12:55
436,Overhold,adhillonc3@g.co,Seamless heuristic array,2020-12-06 19:43:07
437,Sub-Ex,jdarkc4@digg.com,Inverse 24 hour support,2021-04-01 21:04:35
438,Konklux,cgurrc5@networkadvertising.org,Sharable zero tolerance hierarchy,2020-05-09 16:10:56
439,Konklab,ptwaitsc6@amazon.co.uk,Triple-buffered zero administration extranet,2020-11-10 12:02:55
440,Y-Solowarm,tdriffec7@japanpost.jp,Synchronised disintermediate implementation,2020-12-21 00:59:01
441,Konklab,ygoldthorpec8@jalbum.net,Configurable user-facing leverage,2021-02-28 13:54:16
442,Sub-Ex,rhamletc9@twitter.com,Open-architected content-based access,2021-05-02 11:13:10
443,Bitchip,blillca@about.me,Distributed responsive model,2020-05-25 07:01:07
444,Bitwolf,btenneycb@tripod.com,Focused solution-oriented pricing structure,2020-07-31 16:23:38
445,It,bduggoncc@dyndns.org,Advanced bifurcated middleware,2021-02-13 17:07:59
446,Tres-Zap,eleascd@arizona.edu,Managed systemic task-force,2020-07-02 18:54:38
447,Cookley,byvensce@nationalgeographic.com,Re-engineered secondary process improvement,2020-07-27 13:50:57
448,Daltfresh,bbloyscf@walmart.com,Total web-enabled conglomeration,2020-07-26 20:25:08
449,Flexidy,dbuttlecg@europa.eu,Cross-platform 5th generation productivity,2020-11-22 09:01:02
450,Ventosanzap,jmattissonch@php.net,Streamlined client-server hardware,2021-05-12 11:08:20
451,Cardguard,pwestheadci@opera.com,Multi-tiered systematic local area network,2020-10-19 08:42:01
452,Y-find,aklossmanncj@hao123.com,Secured encompassing system engine,2021-01-13 00:38:43
453,Lotlux,mheleck@sogou.com,Inverse national framework,2021-01-23 06:08:31
454,Overhold,fpendergastcl@dropbox.com,Grass-roots high-level alliance,2021-04-28 13:10:52
455,Holdlamis,mdudekcm@phoca.cz,Multi-lateral zero defect extranet,2020-05-26 03:14:37
456,Tin,pslaightcn@java.com,Innovative homogeneous application,2021-02-11 03:20:48
457,Flexidy,yfildesco@usnews.com,Intuitive intermediate structure,2020-08-15 18:09:12
458,Rank,bevasoncp@fotki.com,Stand-alone cohesive service-desk,2021-02-01 18:53:06
459,Daltfresh,sbagnalcq@mediafire.com,Digitized systematic firmware,2020-07-22 12:44:45
460,Y-Solowarm,jarringtoncr@wufoo.com,Right-sized contextually-based benchmark,2020-06-29 14:51:03
461,Job,hdunbletoncs@twitpic.com,Streamlined even-keeled paradigm,2020-06-07 23:28:24
462,Tempsoft,mmcfadzeanct@google.com,Cross-platform national product,2021-01-21 00:35:56
463,Keylex,tspentoncu@upenn.edu,Multi-tiered 4th generation flexibility,2020-09-20 08:03:13
464,Cardify,tticksallcv@webnode.com,Function-based regional synergy,2020-05-02 17:53:02
465,Zaam-Dox,mbentickcw@google.com,Function-based solution-oriented parallelism,2021-01-16 01:57:43
466,Duobam,aduttoncx@usgs.gov,Ameliorated real-time instruction set,2020-08-28 03:39:22
467,Kanlam,csoutherncy@skyrock.com,Reactive optimizing hierarchy,2020-06-12 08:25:11
468,Fintone,tbaildoncz@arstechnica.com,Re-contextualized dedicated application,2021-04-08 00:28:43
469,Solarbreeze,kmerryweatherd0@bandcamp.com,Future-proofed holistic firmware,2020-08-28 19:14:50
470,Biodex,bgared1@economist.com,Phased motivating knowledge base,2021-01-25 01:18:51
471,Tempsoft,ajosifovitzd2@yahoo.com,Extended fresh-thinking frame,2020-09-04 14:12:50
472,Keylex,rclimerd3@mtv.com,Visionary fault-tolerant application,2021-02-11 17:41:16
473,Temp,gcissend4@imdb.com,Seamless encompassing hardware,2020-07-31 10:14:38
474,Konklux,gjessepd5@acquirethisname.com,Advanced intermediate middleware,2020-07-16 13:14:33
475,It,dkedied6@elegantthemes.com,Function-based optimizing hierarchy,2020-07-07 23:17:30
476,It,abuckinghamd7@census.gov,Right-sized contextually-based methodology,2020-08-30 01:23:49
477,Mat Lam Tam,ldemarsd8@opensource.org,Customizable homogeneous paradigm,2020-05-19 02:22:23
478,Tresom,cthorowgoodd9@acquirethisname.com,Synergized next generation alliance,2020-08-01 01:26:30
479,Tin,bcobainda@bandcamp.com,Adaptive reciprocal architecture,2020-08-06 05:42:27
480,Bamity,lsoperdb@fema.gov,Integrated national info-mediaries,2020-11-16 13:16:30
481,Sonsing,dtilstondc@altervista.org,Fully-configurable logistical interface,2021-03-16 23:00:00
482,Tampflex,rfarrindd@mayoclinic.com,Reactive upward-trending interface,2020-11-02 21:03:29
483,Temp,lvasilchenkode@slashdot.org,Ergonomic client-server attitude,2020-11-01 04:21:40
484,Bitchip,rnealedf@parallels.com,Versatile intangible encryption,2020-10-07 03:40:17
485,Quo Lux,rlazarusdg@smugmug.com,Profit-focused 5th generation application,2021-03-26 14:03:58
486,Otcom,cradforddh@statcounter.com,Stand-alone encompassing knowledge base,2021-05-01 23:04:45
487,Home Ing,emildenhalldi@google.com.br,Self-enabling demand-driven access,2020-07-15 18:58:34
488,Biodex,bcapenordj@newyorker.com,Multi-channelled secondary open system,2020-09-08 05:22:22
489,Toughjoyfax,jpesdk@webs.com,Cloned impactful project,2021-05-11 13:18:11
490,Ronstring,cewbanckdl@boston.com,Virtual zero tolerance internet solution,2021-03-28 23:22:41
491,Prodder,psticheldm@zdnet.com,Versatile tertiary focus group,2021-01-06 05:52:56
492,Prodder,aedlanddn@tumblr.com,Decentralized contextually-based database,2021-02-22 01:51:48
493,Wrapsafe,odunningdo@ebay.com,Cross-platform leading edge function,2020-12-15 10:00:10
494,Cardify,whoulsondp@independent.co.uk,Enterprise-wide high-level moratorium,2020-10-18 17:51:45
495,Konklab,sdoughartiedq@shutterfly.com,Realigned client-driven system engine,2020-08-03 11:19:05
496,Subin,jpandiedr@fotki.com,Advanced user-facing solution,2021-03-08 18:34:53
497,Tresom,tthurlingds@yolasite.com,Devolved disintermediate website,2020-09-06 15:51:16
498,Temp,rgaltondt@domainmarket.com,Team-oriented hybrid moratorium,2021-01-09 06:15:45
499,Mat Lam Tam,teffnertdu@jiathis.com,Automated intermediate core,2021-04-25 00:24:14
500,Latlux,alangerdv@oaic.gov.au,User-friendly local toolset,2020-11-24 16:53:47
501,Home Ing,gpextondw@cbc.ca,Versatile optimizing encryption,2021-03-03 05:38:25
502,Flowdesk,rmarinerdx@globo.com,User-friendly optimizing data-warehouse,2020-11-20 02:26:09
503,Tresom,lbaudessondy@desdev.cn,Virtual coherent local area network,2021-01-03 20:01:19
504,Tampflex,gmccaugheydz@nytimes.com,Fundamental 24/7 adapter,2021-03-14 09:48:08
505,Viva,dgammette0@sun.com,Intuitive contextually-based groupware,2021-05-09 21:55:45
506,Rank,tlittlekite1@ycombinator.com,Up-sized fresh-thinking task-force,2021-04-05 03:56:42
507,Konklab,alancette2@bloomberg.com,Cross-group leading edge task-force,2020-05-06 20:34:34
508,Subin,mofahertye3@who.int,Focused client-driven superstructure,2021-01-05 23:15:36
509,Duobam,pkaasmane4@economist.com,Cross-group client-server forecast,2020-08-19 05:18:53
510,Regrant,abispe5@cdc.gov,Focused composite synergy,2020-12-27 03:38:50
511,Matsoft,pmccrackeme6@google.com.br,Enhanced cohesive moderator,2020-10-15 19:33:42
512,Aerified,mortse7@tinyurl.com,Fully-configurable value-added encryption,2021-01-03 22:36:46
513,Stronghold,vlicencee8@about.com,Upgradable web-enabled challenge,2020-09-06 22:56:33
514,Zontrax,nkobpae9@google.com,Sharable scalable open system,2021-03-06 15:23:04
515,Redhold,tmctrustrieea@home.pl,Versatile heuristic knowledge base,2020-11-03 03:50:06
516,Flowdesk,ebruhkeeb@1688.com,Re-contextualized 24/7 circuit,2020-11-24 08:40:25
517,Zontrax,mtoombsec@networksolutions.com,Centralized scalable website,2021-04-12 09:17:09
518,Toughjoyfax,apepied@redcross.org,Pre-emptive optimal local area network,2020-12-29 13:09:23
519,Daltfresh,mtoothee@sohu.com,Extended multi-state product,2021-03-05 02:50:52
520,Regrant,trensef@51.la,Phased next generation implementation,2021-04-08 02:14:44
521,Subin,dagirreeg@cloudflare.com,Realigned local application,2020-07-22 21:13:43
522,Gembucket,bphelipeaueh@multiply.com,User-friendly object-oriented middleware,2020-10-15 01:43:08
523,Overhold,cabbyei@moonfruit.com,Multi-lateral high-level customer loyalty,2020-08-14 06:12:59
524,Alpha,jbarshamej@soundcloud.com,Right-sized encompassing service-desk,2021-01-04 09:56:23
525,Fixflex,jsumblerek@blogs.com,Quality-focused secondary access,2020-08-02 17:57:49
526,Zathin,seatockel@wufoo.com,Distributed explicit benchmark,2020-05-15 13:11:24
527,Veribet,fivelem@ucoz.ru,Switchable client-server success,2021-04-30 18:47:50
528,Tres-Zap,tabrahamen@soundcloud.com,Future-proofed intangible intranet,2020-10-13 04:58:54
529,Transcof,bloutheo@t-online.de,Business-focused 24/7 internet solution,2020-09-04 22:52:04
530,Fix San,hmeringtonep@weibo.com,De-engineered full-range monitoring,2021-01-18 04:18:32
531,Stringtough,eclaptoneq@tinyurl.com,Networked interactive architecture,2020-09-24 19:43:03
532,Wrapsafe,mlazeller@mlb.com,Stand-alone optimal artificial intelligence,2020-08-22 09:32:46
533,Fixflex,abernetes@yahoo.com,Optimized responsive secured line,2021-01-01 04:51:24
534,Flowdesk,dmelodyet@apache.org,Re-contextualized modular archive,2021-01-09 18:10:02
535,Redhold,rhullbrookeu@sfgate.com,Organized homogeneous leverage,2020-06-17 12:48:27
536,Aerified,bsharrardev@pen.io,Automated leading edge array,2020-12-23 20:47:05
537,Gembucket,dsedgemanew@devhub.com,Cross-platform holistic superstructure,2021-01-28 06:15:41
538,Ventosanzap,asieveex@utexas.edu,Multi-channelled human-resource challenge,2021-04-12 15:17:49
539,Prodder,ttaddey@home.pl,Horizontal multi-tasking conglomeration,2021-04-11 12:59:43
540,Prodder,sorgenez@businesswire.com,Ergonomic radical attitude,2021-04-28 01:17:05
541,Bytecard,cessebyf0@wunderground.com,Switchable interactive ability,2021-01-21 11:51:05
542,Quo Lux,llevecquef1@mashable.com,Automated even-keeled collaboration,2020-06-30 12:54:45
543,Zontrax,klohdef2@mysql.com,Expanded 3rd generation data-warehouse,2021-01-16 22:45:51
544,Matsoft,cminorsf3@jalbum.net,Organic encompassing capability,2020-09-11 16:12:56
545,Stim,cmacgillivrief4@scribd.com,Customer-focused dedicated implementation,2020-07-22 04:37:10
546,Regrant,ddamarellf5@canalblog.com,Intuitive intermediate database,2020-08-20 17:56:32
547,Lotstring,edantonif6@nytimes.com,Open-source optimizing algorithm,2021-03-17 01:13:20
548,Veribet,mkernesf7@blog.com,Quality-focused object-oriented synergy,2020-09-12 11:37:43
549,Sonsing,mbrachf8@sfgate.com,Object-based regional leverage,2020-09-05 15:19:02
550,Transcof,rbrunsdonf9@imageshack.us,Pre-emptive secondary product,2021-02-11 07:25:57
551,Namfix,mhegertyfa@naver.com,Assimilated zero administration productivity,2020-07-14 12:49:10
552,Cardify,fgawkrogefb@jiathis.com,Seamless methodical utilisation,2021-03-07 22:16:13
553,Home Ing,bwarrellfc@businesswire.com,Vision-oriented solution-oriented utilisation,2020-09-07 12:29:40
554,Voyatouch,dgullimanfd@newyorker.com,Devolved static superstructure,2020-10-19 02:03:31
555,Lotstring,fgrosefe@xrea.com,Devolved asynchronous firmware,2021-04-05 13:34:05
556,Holdlamis,lmcgooganff@mapquest.com,Automated tertiary adapter,2021-05-01 07:23:34
557,Fixflex,tbaudinetfg@baidu.com,Optimized demand-driven functionalities,2020-11-27 04:27:02
558,Temp,uhebditchfh@hp.com,Cloned human-resource methodology,2020-05-07 12:18:54
559,Opela,ustollwerkfi@homestead.com,Mandatory zero defect productivity,2020-05-20 05:59:49
560,Stim,efleethamfj@vistaprint.com,Fully-configurable zero tolerance leverage,2020-08-29 18:09:08
561,Domainer,rmacskeaghanfk@ameblo.jp,Realigned reciprocal service-desk,2020-11-30 23:47:36
562,Holdlamis,zbelfitfl@tiny.cc,Polarised dynamic monitoring,2020-05-28 12:37:34
563,Holdlamis,dbascombfm@prnewswire.com,Sharable clear-thinking instruction set,2020-08-15 05:34:53
564,Andalax,blagofn@illinois.edu,Digitized human-resource knowledge base,2020-05-31 15:01:23
565,Kanlam,aheffordfo@ca.gov,Reactive composite superstructure,2021-01-18 13:33:26
566,Treeflex,bleflochfp@alibaba.com,Switchable user-facing hub,2020-12-15 21:59:36
567,Overhold,alampelfq@simplemachines.org,Profit-focused fresh-thinking function,2020-06-10 05:10:50
568,Y-Solowarm,lmcileenfr@histats.com,Future-proofed methodical intranet,2020-08-01 08:16:57
569,Bitchip,sdaldanfs@cnn.com,Proactive clear-thinking support,2020-09-26 11:39:35
570,Ronstring,evintonft@google.com.au,Public-key national hub,2020-07-08 11:19:05
571,Prodder,aajamfu@ovh.net,User-friendly needs-based installation,2021-03-14 07:54:38
572,Cardguard,ltryhornfv@army.mil,Adaptive bandwidth-monitored concept,2020-07-25 02:15:38
573,Alpha,cwortsfw@uiuc.edu,Integrated optimal orchestration,2021-01-06 12:17:51
574,Bitwolf,fjecksfx@blogs.com,Grass-roots logistical pricing structure,2021-03-01 14:15:12
575,Solarbreeze,kfirminfy@cafepress.com,Inverse multimedia installation,2020-08-26 15:56:52
576,Aerified,dakhurstfz@mozilla.org,Reverse-engineered bifurcated emulation,2020-09-21 08:50:53
577,Greenlam,asidwellg0@wired.com,Secured directional concept,2021-03-02 20:54:53
578,Tampflex,lrudledgeg1@live.com,Grass-roots foreground frame,2020-06-23 06:03:13
579,Span,aphelipg2@hostgator.com,Realigned system-worthy knowledge base,2020-09-30 22:40:33
580,Subin,utinemang3@hp.com,Profit-focused real-time collaboration,2020-05-11 11:35:20
581,Greenlam,dotoweyg4@mapy.cz,Organic national info-mediaries,2021-02-01 09:11:28
582,Fixflex,mramelg5@ucsd.edu,Intuitive national groupware,2021-03-18 08:31:56
583,Treeflex,hvarseyg6@amazon.de,Monitored cohesive knowledge base,2020-11-06 23:49:03
584,Matsoft,abulgeng7@weather.com,Synergistic explicit concept,2020-12-06 05:23:12
585,Opela,ntalmang8@bluehost.com,Exclusive bandwidth-monitored open system,2020-12-17 10:34:35
586,Bigtax,cglederg9@state.gov,Sharable next generation capacity,2020-06-21 02:03:14
587,Holdlamis,rsutliffga@squarespace.com,Enterprise-wide mobile service-desk,2020-07-10 14:50:41
588,Zathin,jaldingb@hao123.com,Programmable scalable extranet,2021-02-08 00:44:09
589,Sub-Ex,kfilipyevgc@globo.com,Phased 24/7 contingency,2020-06-04 05:57:58
590,Domainer,dmurriegd@epa.gov,Visionary next generation extranet,2021-03-02 08:05:00
591,Ventosanzap,ycootege@spotify.com,Virtual intermediate firmware,2020-10-25 05:27:40
592,Stronghold,spenkmangf@ezinearticles.com,Progressive asymmetric framework,2020-09-29 18:03:39
593,Ventosanzap,cmccaigheygg@comcast.net,De-engineered secondary standardization,2020-07-09 13:54:21
594,Y-Solowarm,fcasalettogh@prnewswire.com,Proactive dynamic moderator,2020-05-03 07:55:21
595,Tres-Zap,rgerblgi@ifeng.com,Public-key real-time interface,2020-07-08 04:57:43
596,Solarbreeze,agodspedegj@blogs.com,Networked fault-tolerant extranet,2020-09-21 11:19:27
597,Zamit,mmarshfieldgk@merriam-webster.com,Grass-roots empowering emulation,2021-05-08 14:10:13
598,Subin,vdabornegl@yahoo.com,Visionary dynamic intranet,2020-05-03 16:41:18
599,Latlux,gkubatgm@fda.gov,Reverse-engineered content-based methodology,2020-08-04 03:01:14
600,Hatity,rweddeburngn@etsy.com,Phased non-volatile core,2020-08-08 19:14:34
601,Cookley,epaeckmeyergo@go.com,Synergized radical array,2020-11-22 22:48:03
602,Holdlamis,gneygp@theglobeandmail.com,Configurable composite system engine,2020-05-20 22:06:50
603,Y-Solowarm,srobathongq@bloglines.com,Progressive radical monitoring,2020-09-28 20:01:20
604,Span,hmcknockitergr@shop-pro.jp,Digitized value-added capability,2020-09-25 06:35:32
605,Holdlamis,ldenesgs@multiply.com,Ergonomic high-level installation,2021-03-14 00:49:58
606,Job,ddumbeltongt@zdnet.com,User-centric non-volatile complexity,2021-01-15 20:55:40
607,Aerified,ecarniergu@harvard.edu,Grass-roots methodical strategy,2020-05-31 03:59:24
608,Tres-Zap,cpargentgv@diigo.com,Seamless asynchronous hardware,2020-08-06 05:52:45
609,Rank,tfoystergw@forbes.com,De-engineered static workforce,2020-11-03 07:10:00
610,Kanlam,sspraggongx@php.net,Re-engineered solution-oriented firmware,2020-11-22 16:59:22
611,Sub-Ex,arichmondgy@techcrunch.com,Up-sized empowering application,2020-10-27 09:36:41
612,Rank,agreensidegz@harvard.edu,Right-sized heuristic service-desk,2021-01-30 11:16:47
613,Flowdesk,dkenforthh0@jigsy.com,Assimilated human-resource circuit,2020-07-16 04:51:21
614,Mat Lam Tam,smclarnonh1@accuweather.com,Open-source 4th generation software,2020-09-04 02:17:04
615,Bitwolf,vortsh2@timesonline.co.uk,Polarised asymmetric standardization,2021-03-07 20:35:03
616,Zoolab,cmolesworthh3@soundcloud.com,Down-sized 3rd generation neural-net,2020-09-13 08:15:40
617,Pannier,ldouberdayh4@admin.ch,Seamless human-resource groupware,2020-11-22 11:03:49
618,Matsoft,dlaiseh5@comcast.net,Ergonomic heuristic utilisation,2020-07-22 07:41:06
619,Trippledex,sgoldish6@theatlantic.com,Stand-alone real-time pricing structure,2020-06-25 04:24:33
620,Namfix,kschulkinsh7@google.de,Centralized zero defect framework,2021-04-20 16:05:15
621,Job,wskillingtonh8@so-net.ne.jp,Open-source disintermediate project,2020-08-30 15:14:14
622,Fix San,bchatfieldh9@yale.edu,Innovative modular data-warehouse,2020-08-21 05:38:56
623,Home Ing,lmcgooganha@umich.edu,Digitized multi-tasking functionalities,2020-05-11 02:50:02
624,Keylex,dmccaddenhb@ifeng.com,Grass-roots systematic archive,2020-12-20 05:33:18
625,Sub-Ex,eepinayhc@imageshack.us,Cross-platform optimal database,2020-07-31 00:05:42
626,Overhold,ebourthoumieuxhd@apache.org,Total systematic initiative,2020-12-25 07:21:27
627,Cardify,aheaselgravehe@yelp.com,Extended leading edge capability,2020-11-26 04:28:52
628,Prodder,bshailerhf@tmall.com,Managed full-range local area network,2021-03-29 04:16:07
629,Duobam,tjagiellohg@pen.io,Sharable zero defect infrastructure,2021-01-09 16:01:25
630,Quo Lux,bgoodgerhh@illinois.edu,Persevering fresh-thinking extranet,2020-09-20 05:56:39
631,Transcof,egirardothi@diigo.com,Re-engineered solution-oriented capability,2020-10-08 12:25:15
632,Sub-Ex,otodorhj@economist.com,Robust asymmetric analyzer,2020-12-17 13:33:47
633,Latlux,lerridgehk@yellowbook.com,Versatile 3rd generation support,2020-07-24 05:51:28
634,Veribet,lniemetzhl@bloglovin.com,Customer-focused tangible strategy,2020-11-08 13:22:09
635,Temp,abreythm@myspace.com,Customizable user-facing moderator,2020-06-25 16:35:59
636,Prodder,ldunsirehn@nature.com,Business-focused asynchronous budgetary management,2020-08-20 21:46:33
637,Temp,smanueauho@godaddy.com,Multi-layered modular structure,2021-04-07 15:42:23
638,Gembucket,fezzellhp@google.com,Customizable global archive,2021-03-04 16:09:31
639,Hatity,jlocktonhq@omniture.com,Reduced coherent product,2020-12-28 20:05:38
640,Matsoft,ikeetshr@oracle.com,Innovative regional alliance,2020-07-17 22:51:05
641,Alpha,nshorehs@bing.com,Synergistic mission-critical synergy,2020-10-27 20:47:09
642,Aerified,ablandamereht@un.org,Persevering 3rd generation process improvement,2020-06-08 18:54:02
643,Fintone,hancliffhu@surveymonkey.com,Open-source bottom-line local area network,2020-06-12 07:47:59
644,Veribet,llewsyhv@youtu.be,Persistent holistic hierarchy,2021-04-02 11:01:44
645,Fix San,htootinghw@macromedia.com,Multi-lateral 5th generation moderator,2020-12-01 04:31:54
646,Regrant,ajoburnhx@ftc.gov,Seamless well-modulated website,2020-07-05 08:34:13
647,Namfix,hkingswellhy@xing.com,Virtual client-driven archive,2021-03-01 21:41:58
648,Alpha,dgullimanhz@imgur.com,Centralized zero defect initiative,2021-02-25 11:44:15
649,Andalax,aveljesi0@dailymail.co.uk,Extended non-volatile moderator,2021-03-09 12:08:13
650,Bigtax,mjuryi1@etsy.com,Exclusive real-time neural-net,2020-08-07 05:04:31
651,Prodder,nveracruyssei2@ehow.com,Expanded attitude-oriented database,2020-05-18 11:45:59
652,Tin,alipyeati3@msu.edu,Adaptive value-added benchmark,2021-01-18 07:32:38
653,Regrant,mkenneai4@slashdot.org,Managed optimizing extranet,2021-05-08 21:42:42
654,Bitwolf,vmixi5@ehow.com,Synergistic real-time knowledge user,2021-02-27 15:46:47
655,Tresom,bpleati6@aboutads.info,Vision-oriented composite complexity,2020-05-26 00:50:54
656,Konklab,adunbari7@accuweather.com,Customizable directional matrices,2021-05-01 05:44:55
657,Alpha,bmazzillii8@kickstarter.com,Integrated solution-oriented access,2020-10-19 18:35:30
658,Aerified,kgeydoni9@yahoo.com,Upgradable secondary frame,2021-01-31 18:50:45
659,Trippledex,ajonesia@imdb.com,Phased incremental concept,2021-01-30 18:43:37
660,Zathin,jkisarib@i2i.jp,Monitored tangible matrices,2020-12-04 07:49:45
661,Aerified,thanmoreic@istockphoto.com,Triple-buffered optimal productivity,2020-05-17 01:31:37
662,Bitchip,wharralid@yelp.com,Team-oriented context-sensitive strategy,2021-02-28 12:11:33
663,Tempsoft,bperisie@spiegel.de,Self-enabling executive data-warehouse,2021-03-14 20:09:31
664,Sonair,bstableif@about.me,Upgradable bifurcated knowledge base,2020-09-01 11:10:28
665,Job,gmariyushkinig@usgs.gov,Multi-layered static monitoring,2020-09-18 08:30:23
666,Zontrax,kbressonih@google.pl,Extended 3rd generation system engine,2021-02-03 04:37:47
667,Viva,sstrydeii@tamu.edu,Multi-lateral foreground challenge,2020-11-18 22:13:29
668,Greenlam,ptoeij@about.me,Total well-modulated paradigm,2021-02-22 11:16:34
669,Regrant,gtollmacheik@oaic.gov.au,Decentralized 24 hour standardization,2021-04-15 17:13:47
670,Veribet,ckeppeil@github.com,Re-engineered mobile superstructure,2020-07-16 17:20:46
671,Bitchip,gcanteraim@vk.com,Realigned encompassing contingency,2020-10-03 01:46:45
672,Gembucket,bmaccrackenin@baidu.com,User-centric motivating core,2020-07-01 13:31:31
673,Prodder,lcopsonio@ow.ly,Inverse object-oriented data-warehouse,2020-10-21 05:20:39
674,Lotlux,jdunnanip@ezinearticles.com,Customizable exuding analyzer,2021-02-06 14:41:39
675,Alpha,schmieliq@fastcompany.com,Profit-focused modular groupware,2020-05-05 05:10:27
676,Viva,kforreir@auda.org.au,Automated bifurcated protocol,2020-10-06 10:38:09
677,Overhold,jberthelmotis@nyu.edu,Quality-focused well-modulated database,2020-12-22 01:14:32
678,Redhold,kgoddardit@mayoclinic.com,Progressive scalable access,2020-11-26 16:36:57
679,Konklux,lterbruggeiu@tinypic.com,Realigned next generation migration,2021-04-11 20:46:38
680,Toughjoyfax,lcultchethiv@msu.edu,Reduced global conglomeration,2020-09-15 21:51:10
681,Zontrax,pbeavoniw@nih.gov,Profound static groupware,2020-08-08 12:56:26
682,Opela,khousbyix@msn.com,Upgradable eco-centric protocol,2020-05-02 03:57:56
683,Bytecard,twhyleriy@bluehost.com,Customer-focused logistical success,2021-02-28 19:58:03
684,Overhold,mtrothiz@bloglines.com,Virtual zero tolerance info-mediaries,2021-04-02 23:02:45
685,Konklab,jmendusj0@uol.com.br,Fully-configurable neutral functionalities,2020-08-15 19:21:28
686,It,mgarriquej1@mashable.com,Triple-buffered next generation functionalities,2020-07-28 17:47:02
687,Voltsillam,bbiasinij2@bloglovin.com,Intuitive national paradigm,2020-11-28 19:53:54
688,Subin,rwebsdalej3@eventbrite.com,Face to face 6th generation migration,2021-01-14 21:00:16
689,Aerified,vlanganj4@tinypic.com,Inverse maximized paradigm,2020-08-01 07:56:57
690,Prodder,jpickburnj5@livejournal.com,Realigned asynchronous support,2020-12-21 18:39:24
691,Alpha,tthomlinsonj6@slate.com,Open-source reciprocal secured line,2020-10-17 05:12:20
692,Konklux,dhalwillj7@imageshack.us,Ameliorated uniform framework,2020-09-09 14:24:26
693,Tempsoft,bvaulsj8@nytimes.com,Organized next generation hardware,2020-11-25 16:14:37
694,Temp,mquarlesj9@tuttocitta.it,Assimilated composite hub,2021-02-13 22:39:17
695,Greenlam,nrangallja@epa.gov,Devolved systematic circuit,2021-04-21 07:03:25
696,Fixflex,bsumpterjb@blog.com,User-friendly cohesive policy,2020-08-14 09:48:54
697,Toughjoyfax,prommejc@arstechnica.com,Digitized homogeneous model,2020-10-26 00:10:22
698,Vagram,ccoultousjd@comsenz.com,Assimilated full-range software,2021-01-31 21:59:56
699,Rank,tslocomje@redcross.org,Switchable optimizing projection,2021-02-20 14:17:59
700,Daltfresh,emixterjf@tmall.com,Vision-oriented regional application,2020-09-14 00:00:09
701,Konklab,opawseyjg@google.pl,Balanced optimal groupware,2020-05-28 16:34:23
702,Aerified,dthornjh@uol.com.br,Triple-buffered foreground model,2021-03-21 03:26:56
703,Fix San,ymatashkinji@sciencedirect.com,Multi-channelled reciprocal middleware,2020-12-07 10:11:00
704,Fixflex,mbiglinjj@trellian.com,Switchable optimal solution,2021-03-31 04:01:15
705,Ventosanzap,cbirkinshawjk@163.com,Open-architected full-range website,2020-06-30 00:03:19
706,Andalax,wblondelljl@blogger.com,Digitized real-time infrastructure,2020-06-14 07:58:51
707,Prodder,bgiblettjm@salon.com,Organic responsive core,2020-08-13 09:24:06
708,Sonsing,cdemongejn@issuu.com,Networked incremental archive,2021-03-28 09:19:55
709,Zaam-Dox,nsambrokjo@chronoengine.com,Phased fault-tolerant paradigm,2020-08-20 10:36:10
710,Regrant,bcarlozzijp@51.la,Automated fault-tolerant instruction set,2021-02-08 17:46:03
711,Bytecard,kaddymanjq@gnu.org,Implemented 24 hour hardware,2020-06-06 12:54:44
712,Aerified,jcluckiejr@gmpg.org,Team-oriented zero administration info-mediaries,2020-05-11 23:58:04
713,Andalax,elapreejs@harvard.edu,Self-enabling next generation solution,2020-10-21 17:10:54
714,Transcof,mgallyhaockjt@google.it,Ameliorated zero administration analyzer,2020-08-17 15:41:54
715,Stim,gpiddickju@wsj.com,Proactive clear-thinking product,2020-05-02 02:37:12
716,Fixflex,rfudgerjv@i2i.jp,Total 5th generation array,2021-04-10 20:08:54
717,Opela,nkennardjw@businessinsider.com,Customer-focused explicit capacity,2020-09-24 08:03:42
718,Tampflex,nmatushevitzjx@virginia.edu,Decentralized analyzing concept,2020-11-05 14:20:03
719,Keylex,nrambadtjy@irs.gov,Enterprise-wide needs-based workforce,2020-06-27 02:31:48
720,Konklab,drydingsjz@timesonline.co.uk,Expanded hybrid array,2020-09-19 23:56:19
721,Hatity,sgysek0@hao123.com,Upgradable didactic analyzer,2021-03-29 22:29:34
722,Fintone,hrollandk1@google.com.br,Re-engineered exuding definition,2021-03-12 15:26:25
723,Keylex,mlobellk2@cargocollective.com,Multi-layered high-level benchmark,2021-03-21 14:48:28
724,It,gsabatik3@tripod.com,Configurable 6th generation focus group,2020-09-01 02:41:57
725,Gembucket,gflanigank4@google.co.uk,Integrated motivating pricing structure,2020-06-22 05:20:04
726,Stim,vhadwickk5@liveinternet.ru,Decentralized foreground frame,2021-02-23 13:21:58
727,Zoolab,medserk6@blogs.com,Configurable executive interface,2020-06-09 20:18:33
728,Bytecard,dsouthousek7@nymag.com,Centralized logistical emulation,2020-10-26 13:52:17
729,Tampflex,cepsleyk8@oaic.gov.au,Up-sized didactic knowledge user,2020-05-19 13:34:18
730,Job,gfarnabyk9@github.io,Expanded clear-thinking firmware,2020-07-07 17:05:28
731,Duobam,fdibbenka@dell.com,Proactive mission-critical project,2021-03-15 13:24:48
732,Stronghold,mcarlettikb@narod.ru,User-centric impactful core,2021-03-17 09:28:20
733,Matsoft,kdennistonkc@wikimedia.org,Profit-focused needs-based intranet,2020-09-18 03:17:09
734,Greenlam,arandlesomekd@abc.net.au,Intuitive high-level collaboration,2020-10-28 23:42:28
735,Ronstring,csorrieke@odnoklassniki.ru,Distributed motivating complexity,2021-02-07 06:53:41
736,Alpha,asuthernskf@xinhuanet.com,Managed background framework,2020-09-04 15:52:42
737,Stringtough,dmcauslenekg@example.com,Innovative 3rd generation internet solution,2020-05-03 21:52:06
738,Lotstring,omolesworthkh@wp.com,Programmable object-oriented array,2020-05-05 08:58:20
739,Sub-Ex,todriscoleki@cafepress.com,Operative multimedia installation,2020-10-16 22:42:01
740,Asoka,nlampartkj@studiopress.com,Robust fault-tolerant paradigm,2020-06-19 15:21:16
741,Home Ing,mgougekk@weebly.com,Assimilated asynchronous info-mediaries,2021-02-25 02:04:06
742,Treeflex,mfurberkl@paypal.com,Triple-buffered high-level secured line,2020-07-06 23:52:43
743,Job,tlutschkm@deliciousdays.com,Multi-channelled eco-centric solution,2020-09-20 11:00:02
744,Redhold,htunbridgekn@youtube.com,Centralized systematic application,2020-10-02 12:11:41
745,Latlux,eambroseko@engadget.com,Programmable dedicated product,2020-05-14 15:16:05
746,Alpha,atoothkp@tamu.edu,Extended multimedia methodology,2020-06-08 02:23:15
747,Zaam-Dox,ngrundeykq@networksolutions.com,Devolved fresh-thinking orchestration,2021-04-19 07:27:29
748,Transcof,mtooleykr@hatena.ne.jp,Pre-emptive content-based projection,2020-07-13 01:17:53
749,Home Ing,nbakesks@blogtalkradio.com,Expanded coherent protocol,2021-04-02 18:06:02
750,Zoolab,dlillkt@mediafire.com,Automated interactive implementation,2020-05-15 09:33:25
751,Bitwolf,fwhittallku@gizmodo.com,Monitored fresh-thinking infrastructure,2020-12-29 05:40:29
752,Zoolab,ddendlekv@example.com,Reduced mobile solution,2021-03-19 14:04:29
753,Fix San,bkickkw@dyndns.org,Proactive mission-critical utilisation,2020-05-15 04:22:30
754,Cardify,nbevirkx@npr.org,Face to face value-added utilisation,2020-12-16 21:13:58
755,Y-Solowarm,lcoolky@dagondesign.com,Operative 4th generation extranet,2020-05-11 00:18:40
756,Gembucket,misakowiczkz@macromedia.com,Vision-oriented multimedia capability,2020-08-31 12:55:47
757,Toughjoyfax,kcreykel0@myspace.com,Open-source mobile middleware,2020-07-09 14:03:13
758,Voyatouch,kshaldersl1@foxnews.com,Self-enabling 5th generation success,2020-12-01 10:30:44
759,Job,cfrusherl2@drupal.org,Upgradable clear-thinking attitude,2020-05-02 19:37:12
760,Regrant,vhallgalleyl3@about.com,Innovative value-added paradigm,2020-07-24 23:26:41
761,Ronstring,ggahaganl4@hao123.com,Ameliorated exuding Graphic Interface,2021-02-11 03:44:35
762,Home Ing,csturgeonl5@godaddy.com,Adaptive maximized circuit,2020-11-23 13:49:28
763,Solarbreeze,dfranciskiewiczl6@home.pl,Proactive secondary customer loyalty,2021-02-16 07:40:56
764,Overhold,tpailinl7@dropbox.com,Persistent asymmetric orchestration,2020-12-05 10:32:42
765,Treeflex,bdungatel8@wix.com,Customer-focused 4th generation alliance,2020-07-21 19:19:28
766,Fix San,aornilsl9@wikimedia.org,Ergonomic high-level throughput,2020-08-10 02:07:56
767,Biodex,tdaousela@prweb.com,Organic optimizing conglomeration,2021-03-03 00:58:56
768,Tresom,sglencrosslb@si.edu,Integrated asymmetric structure,2021-02-13 02:19:46
769,Cookley,eherremalc@plala.or.jp,Customizable modular installation,2020-07-29 11:37:50
770,Flowdesk,jbarthodld@alexa.com,Integrated non-volatile process improvement,2021-01-01 09:35:33
771,Biodex,zlavignele@joomla.org,Upgradable methodical info-mediaries,2020-12-08 15:29:55
772,Overhold,ajestlf@blogs.com,Networked multimedia success,2020-11-01 17:14:45
773,Cardguard,cfetherstonelg@alibaba.com,Synchronised fault-tolerant instruction set,2020-07-17 15:07:05
774,Sonair,mlemmlh@apache.org,Cross-platform zero defect knowledge user,2021-03-21 20:35:12
775,Gembucket,hyoulesli@ted.com,Adaptive local matrices,2021-03-29 04:45:25
776,Cardify,celveylj@jugem.jp,Versatile value-added standardization,2020-08-22 17:01:10
777,Zontrax,clytllelk@washington.edu,Quality-focused contextually-based support,2020-08-16 18:27:41
778,Otcom,aszwandtll@usa.gov,Adaptive upward-trending matrices,2020-07-12 20:01:29
779,Tempsoft,tkrysztofowiczlm@joomla.org,Customer-focused global hardware,2020-06-25 06:33:46
780,Asoka,nstanworthln@soundcloud.com,Exclusive methodical workforce,2021-03-04 13:11:02
781,Cardguard,cdaffernlo@noaa.gov,Total incremental application,2020-06-18 22:23:25
782,Vagram,etomleylp@cdbaby.com,Adaptive dedicated implementation,2020-09-23 20:52:57
783,Pannier,jfelthamlq@ebay.com,Face to face eco-centric circuit,2021-03-21 16:10:58
784,Asoka,rguerrilr@bluehost.com,Customizable coherent open architecture,2020-12-18 10:12:15
785,Cardify,ugreesonls@gov.uk,Reduced scalable software,2020-08-21 05:39:13
786,Span,awinninglt@thetimes.co.uk,User-friendly well-modulated core,2021-03-25 23:45:02
787,Duobam,rabsalomlu@cisco.com,Monitored heuristic data-warehouse,2020-08-23 18:09:52
788,Namfix,aranvoiselv@csmonitor.com,Re-engineered homogeneous matrix,2020-05-05 20:39:12
789,Job,jdanilewiczlw@fc2.com,Synergistic interactive extranet,2021-04-02 14:43:55
790,Konklab,bwalworchelx@chronoengine.com,Polarised explicit encoding,2020-12-21 18:12:30
791,Mat Lam Tam,ecripsly@webeden.co.uk,Face to face leading edge encryption,2021-03-18 12:39:35
792,Flexidy,btarlinglz@youtu.be,Function-based high-level interface,2020-11-16 15:02:31
793,Tres-Zap,fkendalm0@japanpost.jp,Balanced regional synergy,2020-11-15 10:51:17
794,Voyatouch,ldelahuntm1@cam.ac.uk,Secured hybrid capability,2020-11-11 13:58:12
795,Overhold,nscarrem2@china.com.cn,Synergistic fault-tolerant policy,2020-06-05 20:42:28
796,Konklux,mcardosom3@a8.net,Advanced eco-centric open system,2020-12-10 09:10:20
797,Matsoft,ccoombesm4@kickstarter.com,Compatible hybrid synergy,2020-12-10 17:27:26
798,Aerified,mbortolonim5@macromedia.com,Down-sized coherent ability,2021-02-28 20:52:44
799,Zontrax,pleybanm6@bandcamp.com,Pre-emptive system-worthy Graphic Interface,2020-05-27 10:06:18
800,Lotstring,zpetrescum7@acquirethisname.com,User-friendly grid-enabled Graphical User Interface,2020-12-19 10:04:34
801,Trippledex,aspaceym8@t-online.de,Intuitive radical hardware,2020-10-01 22:06:05
802,Tempsoft,kraincinm9@blogs.com,Re-contextualized real-time intranet,2020-07-24 08:10:39
803,Veribet,cappleyardma@techcrunch.com,Ameliorated optimizing task-force,2020-06-07 03:29:01
804,Konklux,lwonfarmb@reddit.com,Expanded logistical matrices,2021-04-28 22:12:33
805,Opela,rspringthorpmc@sfgate.com,Universal grid-enabled initiative,2021-04-27 10:50:18
806,Sub-Ex,agresswellmd@house.gov,Triple-buffered dynamic forecast,2020-09-04 06:58:18
807,Bamity,obevansme@ed.gov,Optional solution-oriented product,2021-03-13 22:54:16
808,Otcom,mboasemf@bing.com,Sharable multimedia throughput,2020-12-10 11:09:23
809,Keylex,ksculphermg@yellowbook.com,Virtual background local area network,2021-02-17 04:54:32
810,Domainer,kgammonsmh@cpanel.net,Upgradable solution-oriented superstructure,2021-03-26 02:42:15
811,Voyatouch,ccellemi@tripod.com,Optimized systemic migration,2021-04-28 20:18:23
812,Sub-Ex,vbalkemj@bbc.co.uk,Advanced tangible infrastructure,2020-12-24 23:31:43
813,Cardify,mgrishaginmk@ox.ac.uk,Focused 3rd generation matrices,2020-10-11 14:28:22
814,Trippledex,dportugalml@walmart.com,Phased explicit installation,2021-03-08 03:00:33
815,Job,schattellmm@bandcamp.com,Configurable dynamic matrix,2020-10-19 16:10:02
816,Bigtax,dpottingermn@yolasite.com,Switchable impactful structure,2020-11-26 07:53:43
817,Holdlamis,vbisacremo@woothemes.com,Optimized 24/7 utilisation,2021-01-06 21:41:41
818,Latlux,ajaszczakmp@soundcloud.com,Profound contextually-based monitoring,2020-12-26 08:20:39
819,Fix San,mangelimq@bloomberg.com,Pre-emptive secondary model,2020-12-24 08:20:43
820,Matsoft,omcguffmr@digg.com,Operative radical local area network,2020-07-07 22:53:42
821,Solarbreeze,jneilandms@rediff.com,Re-engineered mobile complexity,2020-09-10 03:10:14
822,Home Ing,badshedemt@people.com.cn,Persistent methodical website,2020-09-29 02:16:21
823,Home Ing,kbrucemu@weather.com,Automated reciprocal middleware,2020-11-30 16:09:03
824,Matsoft,kfloriomv@nba.com,Horizontal reciprocal interface,2020-05-22 14:38:58
825,Rank,etuplinmw@gravatar.com,Business-focused encompassing project,2020-05-30 22:55:31
826,Voyatouch,dgawmx@lycos.com,Organized systemic initiative,2021-01-20 06:09:59
827,Regrant,gbrookbankmy@squarespace.com,Profit-focused real-time knowledge user,2020-09-12 06:55:40
828,Veribet,lbridelmz@mysql.com,Configurable upward-trending time-frame,2020-09-05 04:04:35
829,Y-Solowarm,gpaulillon0@cbslocal.com,Cross-platform background Graphic Interface,2020-05-24 07:37:05
830,Tresom,khanstern1@imgur.com,Networked content-based paradigm,2020-08-24 13:48:51
831,Lotlux,growann2@army.mil,Open-architected fresh-thinking interface,2020-09-04 21:54:57
832,Andalax,cboetern3@soup.io,Right-sized client-server productivity,2020-12-15 14:17:06
833,Solarbreeze,cstanleyn4@cisco.com,Realigned leading edge support,2020-05-15 17:41:01
834,Namfix,ufairbracen5@bbc.co.uk,Distributed full-range function,2021-04-16 16:09:30
835,Treeflex,zdrainsn6@auda.org.au,Switchable multi-state definition,2020-09-08 10:45:05
836,Namfix,gkennn7@blinklist.com,Horizontal composite capacity,2020-06-11 05:45:10
837,Transcof,tanespien8@taobao.com,Horizontal local local area network,2020-05-05 05:09:08
838,Regrant,yrainsburyn9@studiopress.com,Synchronised analyzing superstructure,2020-11-20 09:45:27
839,Stim,lbockmannna@4shared.com,Integrated high-level matrices,2021-04-30 22:29:49
840,Voltsillam,wmcvanamynb@ox.ac.uk,Synergized eco-centric matrices,2021-04-18 04:40:27
841,Alphazap,jcuppittnc@chicagotribune.com,Business-focused 3rd generation productivity,2020-07-09 12:06:21
842,Solarbreeze,gbartolomand@unblog.fr,Progressive systemic contingency,2020-12-06 20:04:32
843,Ronstring,adabneyne@gnu.org,Cloned actuating open system,2021-01-20 11:30:22
844,Kanlam,gdemorenonf@cornell.edu,Team-oriented intermediate neural-net,2020-05-22 01:48:08
845,Bitchip,jcapinetting@zimbio.com,Innovative heuristic success,2020-06-24 12:16:23
846,Daltfresh,iemblemnh@telegraph.co.uk,Vision-oriented asynchronous paradigm,2020-11-22 02:44:36
847,Kanlam,cmeynellni@goo.ne.jp,Reduced scalable alliance,2020-09-07 00:22:16
848,Subin,emcquirternj@yandex.ru,Pre-emptive asymmetric definition,2021-01-19 10:07:43
849,Duobam,nmonnerynk@typepad.com,Open-architected logistical algorithm,2021-03-12 20:12:17
850,Y-Solowarm,sspellwardnl@businessweek.com,Adaptive hybrid methodology,2020-11-17 16:23:35
851,Latlux,bbroodnm@nymag.com,Customer-focused radical process improvement,2020-08-07 07:18:22
852,Home Ing,rminghinn@macromedia.com,Ameliorated 6th generation framework,2020-07-27 15:37:58
853,Sonair,hranklinno@nydailynews.com,Networked 24 hour strategy,2020-10-12 10:14:21
854,Stronghold,gdeeknp@people.com.cn,Multi-tiered neutral software,2021-02-21 19:08:24
855,Alphazap,rkelbienq@discovery.com,Visionary object-oriented forecast,2020-12-15 11:18:11
856,Duobam,dkordesnr@scientificamerican.com,Automated stable interface,2020-05-15 00:03:02
857,Y-find,talasdairns@arstechnica.com,Inverse bottom-line challenge,2020-08-22 23:07:19
858,Matsoft,swydnt@technorati.com,Self-enabling composite initiative,2021-04-13 04:52:23
859,Latlux,cbonhommenu@dion.ne.jp,Synergized heuristic success,2020-10-19 19:33:00
860,Viva,bjerramsnv@amazonaws.com,Synergized intermediate conglomeration,2020-11-01 19:11:46
861,Biodex,jshuttleworthnw@paginegialle.it,Total asymmetric task-force,2020-12-16 01:00:04
862,Pannier,bpothecarynx@goo.ne.jp,Universal system-worthy hub,2020-11-22 15:15:44
863,Subin,vforesny@liveinternet.ru,Profit-focused systemic support,2020-11-11 01:48:01
864,Y-find,nnairnsnz@mozilla.org,Multi-layered tertiary collaboration,2021-03-20 01:00:05
865,Andalax,frodderso0@woothemes.com,Networked modular interface,2020-11-21 12:27:51
866,Kanlam,skulvearo1@feedburner.com,Streamlined 4th generation attitude,2021-05-06 13:57:17
867,Fix San,wdunbabino2@sakura.ne.jp,Managed background challenge,2021-02-10 04:29:39
868,It,ocorko3@irs.gov,Configurable logistical artificial intelligence,2021-04-11 00:14:11
869,Temp,gileso4@wired.com,Managed well-modulated forecast,2021-01-27 09:41:15
870,Stim,mbaxillo5@google.nl,Integrated 24 hour Graphical User Interface,2020-10-20 17:43:25
871,Daltfresh,kburgisso6@devhub.com,Cloned multi-state system engine,2021-03-08 14:56:55
872,Flowdesk,wgonnardo7@altervista.org,Stand-alone analyzing product,2020-12-02 11:50:49
873,Tres-Zap,nwarlocko8@trellian.com,Ameliorated empowering data-warehouse,2020-10-22 21:46:52
874,Transcof,hbaggso9@yelp.com,Streamlined global forecast,2020-10-08 23:08:53
875,Wrapsafe,fvousdenoa@lulu.com,Customer-focused foreground neural-net,2020-06-08 21:46:30
876,Veribet,msilbermannob@dmoz.org,Up-sized multi-state function,2020-12-19 21:13:34
877,Sub-Ex,litzkovicioc@guardian.co.uk,Sharable background complexity,2020-06-03 07:02:53
878,Latlux,istendellod@craigslist.org,Total impactful pricing structure,2021-03-08 13:24:11
879,Voltsillam,dpiddlehintonoe@mapquest.com,Total asynchronous info-mediaries,2020-10-03 13:08:11
880,Home Ing,hhawkeswoodof@buzzfeed.com,Quality-focused cohesive info-mediaries,2020-07-30 09:41:12
881,Fintone,jgavaghanog@1688.com,Ameliorated next generation customer loyalty,2020-10-12 05:35:17
882,Voltsillam,rjewkesoh@washingtonpost.com,Optional explicit benchmark,2021-02-21 01:03:31
883,Prodder,akristufekoi@statcounter.com,Programmable high-level middleware,2020-10-21 09:28:14
884,Veribet,ahedditchoj@posterous.com,De-engineered 6th generation ability,2021-03-31 00:54:16
885,Bitwolf,bmasselinok@mayoclinic.com,Synergistic zero tolerance emulation,2020-05-30 17:25:38
886,Y-Solowarm,rzorziol@indiegogo.com,Function-based optimizing info-mediaries,2021-02-08 02:43:53
887,Vagram,sparzizekom@slideshare.net,Cross-platform empowering analyzer,2020-08-22 22:05:45
888,Tempsoft,mcissenon@imdb.com,Compatible client-server neural-net,2021-01-30 23:33:43
889,Zathin,fraineroo@virginia.edu,Ameliorated optimal archive,2020-12-31 01:35:50
890,Zathin,aeverleighop@mapy.cz,Multi-channelled non-volatile knowledge base,2020-11-03 03:10:25
891,Latlux,devettoq@icq.com,Sharable needs-based throughput,2021-04-28 15:39:07
892,Lotstring,skeaveor@jugem.jp,Ameliorated multimedia help-desk,2020-09-12 21:43:26
893,Latlux,lmccandlessos@google.pl,Ameliorated next generation capacity,2020-10-21 20:46:33
894,Job,vzylbermannot@angelfire.com,Enhanced needs-based utilisation,2021-03-21 21:41:53
895,Domainer,wwaightou@vinaora.com,Streamlined stable task-force,2020-11-29 10:48:07
896,Quo Lux,mpottov@biblegateway.com,Ameliorated bi-directional process improvement,2021-04-22 07:53:36
897,It,sabbettow@miibeian.gov.cn,Customizable asymmetric interface,2020-12-16 14:05:25
898,Regrant,fvogtox@senate.gov,Cloned regional policy,2021-01-31 21:03:01
899,Trippledex,omatuszkiewiczoy@is.gd,Cloned scalable methodology,2020-10-25 09:25:24
900,Transcof,ayorkstonoz@google.ru,Triple-buffered high-level approach,2020-11-01 05:35:35
901,Zathin,mracinep0@icq.com,Adaptive neutral alliance,2020-09-24 15:54:52
902,Greenlam,bnoldap1@etsy.com,Virtual contextually-based website,2020-08-12 14:15:54
903,Pannier,rrougep2@pbs.org,Ameliorated maximized pricing structure,2020-08-23 14:56:58
904,Overhold,gkobkep3@theglobeandmail.com,Upgradable background Graphical User Interface,2020-06-03 03:40:37
905,Konklab,fgodleep4@shutterfly.com,Fundamental attitude-oriented complexity,2021-05-06 06:26:26
906,Hatity,ctullettp5@behance.net,Reduced neutral migration,2021-01-20 14:54:49
907,Alpha,bsultanap6@prlog.org,Multi-tiered non-volatile access,2020-10-10 19:30:50
908,Asoka,cgareyp7@taobao.com,Customer-focused uniform model,2020-06-22 02:29:24
909,Stim,epettipherp8@addtoany.com,Open-source bandwidth-monitored help-desk,2020-12-01 21:54:00
910,Duobam,fgadesbyp9@youtube.com,Distributed asymmetric system engine,2021-03-09 12:28:00
911,Zathin,cstockaupa@hp.com,Robust logistical productivity,2021-01-11 10:52:50
912,Sonsing,qgiacomopb@1688.com,Sharable zero tolerance alliance,2021-01-13 18:31:08
913,Voltsillam,narnholzpc@scribd.com,Reverse-engineered explicit focus group,2021-01-16 07:50:38
914,Asoka,neberlepd@livejournal.com,Self-enabling analyzing time-frame,2020-09-30 11:50:30
915,Prodder,krigneype@cornell.edu,Future-proofed actuating utilisation,2020-05-22 18:47:30
916,It,nvarleypf@kickstarter.com,Grass-roots reciprocal system engine,2020-11-29 18:04:44
917,Greenlam,kdarcypg@google.ca,Realigned coherent Graphical User Interface,2020-12-12 12:52:53
918,Duobam,srugieroph@sciencedaily.com,Multi-tiered methodical hardware,2021-04-12 05:40:36
919,Opela,kgrgicpi@unblog.fr,Proactive mission-critical contingency,2020-08-31 23:07:26
920,Konklab,scorpepj@istockphoto.com,Customer-focused full-range Graphic Interface,2020-06-24 00:30:10
921,Fixflex,bvasiliupk@huffingtonpost.com,Reactive multi-tasking moderator,2020-11-11 14:13:56
922,Pannier,pmayhewpl@geocities.com,Inverse zero administration open architecture,2021-04-24 08:14:43
923,Hatity,ctoppinpm@statcounter.com,Extended optimizing utilisation,2020-10-11 20:22:29
924,Overhold,eseiffertpn@yolasite.com,Compatible interactive monitoring,2020-07-06 00:50:25
925,Bamity,pcameratipo@ox.ac.uk,Extended dedicated firmware,2021-02-27 22:51:50
926,Voltsillam,ccubinpp@nbcnews.com,Upgradable asynchronous productivity,2021-05-07 02:25:53
927,Y-Solowarm,rliepmannpq@simplemachines.org,Intuitive optimizing synergy,2020-06-29 11:36:31
928,Kanlam,ronealpr@google.fr,Intuitive fresh-thinking paradigm,2020-08-12 20:16:07
929,Transcof,vtrippickps@examiner.com,Synergized composite task-force,2020-10-09 09:40:57
930,Stronghold,cvannerpt@wikimedia.org,Cross-group secondary alliance,2021-04-06 21:20:59
931,Tresom,rgrainpu@nifty.com,Grass-roots mission-critical matrix,2020-08-28 05:41:45
932,Fixflex,ctapppv@xing.com,Realigned transitional knowledge user,2020-10-24 22:22:53
933,Span,llefeaverpw@archive.org,Horizontal bottom-line info-mediaries,2020-08-04 06:43:55
934,Zontrax,ewittenpx@lulu.com,User-centric attitude-oriented firmware,2020-12-17 17:37:19
935,Prodder,godonnellypy@goo.gl,Reactive needs-based portal,2020-12-30 03:46:25
936,Ventosanzap,jfouracrepz@guardian.co.uk,User-friendly radical service-desk,2020-10-21 03:11:30
937,Solarbreeze,tstaplefordq0@cmu.edu,Triple-buffered content-based archive,2020-07-08 19:48:56
938,Transcof,jsearlesq1@dedecms.com,Decentralized solution-oriented hardware,2020-07-25 12:57:53
939,Transcof,emcfeateq2@netlog.com,Self-enabling reciprocal architecture,2020-07-01 09:01:07
940,Lotlux,pbursnollq3@nba.com,Self-enabling methodical open system,2020-07-13 14:19:01
941,Wrapsafe,crakesq4@tinypic.com,Devolved impactful portal,2021-04-03 06:49:15
942,Zontrax,swesthoffq5@domainmarket.com,Optimized mission-critical challenge,2020-11-02 13:00:04
943,Bigtax,dlocheadq6@odnoklassniki.ru,Progressive contextually-based installation,2020-07-20 11:07:48
944,Home Ing,gcaldaroq7@netscape.com,Pre-emptive eco-centric system engine,2020-10-16 00:22:13
945,Fintone,dmandreyq8@patch.com,Front-line transitional utilisation,2020-11-21 12:22:35
946,Mat Lam Tam,wshillabeareq9@tiny.cc,Business-focused actuating framework,2020-07-19 23:19:48
947,Alphazap,owellingqa@gov.uk,Horizontal zero defect secured line,2021-01-07 19:29:29
948,Stim,dpetraitisqb@photobucket.com,Networked static support,2020-10-29 06:56:08
949,Voltsillam,tdesmondqc@hud.gov,Advanced impactful groupware,2020-12-04 11:46:25
950,Andalax,jdenysqd@cnbc.com,Inverse holistic application,2020-06-22 10:43:06
951,Otcom,rsalasarqe@columbia.edu,Triple-buffered clear-thinking support,2020-07-17 07:43:44
952,Redhold,cdobkinqf@list-manage.com,Synergistic explicit hub,2020-07-04 09:14:39
953,Biodex,nwelbeckqg@soup.io,Compatible 4th generation standardization,2020-07-04 18:53:34
954,Cookley,bspauntonqh@jiathis.com,Cloned zero administration alliance,2021-04-05 20:31:46
955,Stringtough,nfoardqi@canalblog.com,Compatible zero administration encoding,2020-11-08 12:44:09
956,Veribet,vyashinqj@biglobe.ne.jp,Front-line leading edge open architecture,2020-11-01 14:08:37
957,Otcom,kmillthorpeqk@myspace.com,Stand-alone bi-directional structure,2021-04-01 22:04:01
958,Home Ing,mmackeoghql@adobe.com,Total neutral matrix,2021-01-25 05:03:04
959,Fintone,vquareqm@newyorker.com,Balanced tangible algorithm,2020-11-11 21:42:19
960,Voyatouch,gcostelloqn@ustream.tv,Upgradable upward-trending time-frame,2020-08-31 04:29:01
961,Flexidy,agerringqo@bandcamp.com,Adaptive secondary frame,2020-12-20 12:43:11
962,Temp,oventonqp@dedecms.com,Upgradable analyzing projection,2021-03-11 15:26:13
963,Flexidy,dmarkeqq@toplist.cz,Object-based even-keeled local area network,2021-04-12 21:32:10
964,Matsoft,uhenstoneqr@multiply.com,User-friendly systematic intranet,2020-06-09 06:24:28
965,Ronstring,rgorglqs@amazon.co.jp,Object-based asynchronous groupware,2020-09-03 06:51:42
966,Zaam-Dox,cmityashevqt@shareasale.com,Ergonomic exuding alliance,2020-10-29 16:00:23
967,Namfix,abettertonqu@surveymonkey.com,Realigned bifurcated structure,2021-03-07 03:34:30
968,Cookley,fvittleqv@parallels.com,Future-proofed cohesive synergy,2021-03-20 20:30:36
969,Bigtax,jmaunsellqw@facebook.com,Fundamental stable task-force,2020-06-25 07:35:57
970,Biodex,balkerqx@nhs.uk,Optional transitional architecture,2020-11-10 08:46:46
971,Bytecard,ctilneyqy@360.cn,Total eco-centric analyzer,2020-05-15 15:19:09
972,Rank,mferschkeqz@engadget.com,Cloned systematic support,2020-07-23 10:02:27
973,Prodder,cnorssisterr0@apache.org,Self-enabling 24/7 groupware,2021-01-17 19:02:29
974,Sonair,rkrysztowczykr1@nature.com,Fully-configurable 24 hour success,2021-01-25 11:00:08
975,Namfix,rcundictr2@stumbleupon.com,Exclusive systematic initiative,2020-05-11 16:09:45
976,Wrapsafe,jjosilowskir3@themeforest.net,Configurable system-worthy attitude,2021-01-24 23:49:11
977,Flowdesk,ssearjeantr4@sina.com.cn,Phased motivating pricing structure,2020-12-10 12:13:09
978,Flexidy,gfilipyevr5@newsvine.com,Cross-platform 6th generation budgetary management,2020-06-11 07:58:36
979,Bigtax,ayegorkinr6@list-manage.com,Innovative asymmetric emulation,2020-08-29 21:04:55
980,Home Ing,vrouchyr7@deliciousdays.com,Persevering demand-driven capacity,2020-05-22 09:17:43
981,Stim,jjevonr8@vk.com,Balanced 3rd generation synergy,2021-01-08 16:02:50
982,Pannier,lhagleyr9@cam.ac.uk,Inverse hybrid standardization,2020-09-13 14:11:50
983,Otcom,rprobeyra@t.co,Total logistical software,2020-06-28 13:45:26
984,It,ckarprb@squarespace.com,Implemented directional parallelism,2020-12-06 04:43:14
985,Gembucket,plovekinrc@seesaa.net,Business-focused responsive hierarchy,2020-11-03 21:47:46
986,Stringtough,itregalerd@wikimedia.org,Realigned scalable moderator,2020-06-25 16:38:06
987,Tin,mbalcersre@quantcast.com,Reactive mission-critical array,2020-11-18 01:44:29
988,Tampflex,hbalderstonrf@sciencedirect.com,Ergonomic mobile initiative,2020-12-30 07:56:59
989,Zathin,mwarhamrg@themeforest.net,Pre-emptive disintermediate success,2020-09-04 14:40:19
990,Stringtough,nlygoerh@booking.com,Down-sized full-range open system,2021-03-27 23:47:20
991,Redhold,enorleyri@illinois.edu,Profit-focused global application,2020-08-31 02:03:49
992,Namfix,phumbellrj@google.ca,Synergistic systematic service-desk,2020-08-16 03:07:47
993,Prodder,lcastellsrk@vistaprint.com,Cross-group radical project,2020-09-20 02:54:16
994,Voltsillam,kpeirpointrl@netvibes.com,Persistent logistical firmware,2020-11-02 15:32:19
995,Holdlamis,mfebenrm@comsenz.com,De-engineered stable paradigm,2020-08-22 03:02:56
996,Cookley,hroubottomrn@shutterfly.com,Monitored even-keeled budgetary management,2020-06-03 00:16:53
997,It,jkattro@prlog.org,Focused disintermediate paradigm,2020-08-31 08:14:39
998,Cardify,csprakerp@yahoo.com,Face to face methodical concept,2020-10-03 05:38:08
999,It,cglanderrq@google.es,Re-engineered local portal,2020-06-15 04:47:04
1000,Lotlux,tpittwayrr@pen.io,Multi-lateral transitional array,2020-12-19 00:30:19
