1,Are You Listening?,26653669,Haitian Cr,144,2019-10-11 14:14:08
2,The Ghost Story of O,89646857,Oriya,107,2020-08-03 06:57:26
3,Tarantella,97302218,Zulu,66,2021-02-07 10:33:33
4,Longford,44071607,Bislama,60,2020-12-02 01:41:21
5,"Mechanic, The",31346454,Yiddish,15,2020-09-01 02:24:11
6,"All Together, The",49619045,Bislama,37,2021-01-17 06:49:03
7,"Book of Stars, The",73958907,Bosnian,155,2019-11-22 11:45:38
8,Hard Rain,86823735,Māori,27,2021-05-10 01:12:56
9,Capote,78777851,Catalan,186,2021-01-11 07:58:59
10,Comedian,13522196,Polish,108,2020-09-24 20:55:42
11,Nothing Personal,20968795,Belarusian,144,2020-10-10 02:13:41
12,Loputon Gehennan lie,37902215,Albanian,47,2020-04-05 13:37:25
13,"Alley Cats, The",57280288,Hiri Motu,57,2020-11-18 19:35:55
14,Run,69404568,Somali,185,2020-11-16 08:26:24
15,C'mon Man,86532684,Czech,133,2019-10-20 23:05:13
16,Lord of the Rings: T,49118716,Gagauz,87,2019-10-25 23:08:20
17,12 Years a Slave,51306355,French,28,2020-06-10 22:55:47
18,Tale of the Mummy,59391800,Punjabi,2,2021-05-02 00:17:06
19,Back Street,15848918,Malayalam,18,2021-04-28 17:28:33
20,Jim Gaffigan: Obsess,91394342,Bulgarian,70,2019-12-21 23:40:08
21,Eddie Murphy Delirio,11046633,Lao,83,2020-06-24 17:31:23
22,À nos amours,4408211,German,3,2020-04-09 13:14:41
23,State and Main,57231853,Kannada,32,2021-04-18 11:19:48
24,Into the West,38995609,Montenegri,36,2020-07-27 20:17:17
25,"Good Mother, The",80889099,Tswana,23,2020-08-07 22:32:20
26,Magic Voyage of Sind,12495401,Kannada,168,2020-11-29 12:18:10
27,Pastoral Hide and Se,38087969,Irish Gael,150,2020-08-13 16:16:14
28,Charming Mass Suicid,55995132,Latvian,185,2020-08-20 12:28:48
29,Final Analysis,37841394,English,19,2019-11-22 09:00:44
30,Desert of Forbidden ,19792952,Latvian,17,2020-02-19 12:44:58
31,Once Upon a Time (De,52870477,Swedish,40,2020-12-05 16:24:09
32,Brother of Sleep (Sc,9893259,Estonian,50,2021-01-24 07:58:27
33,Drum,11080915,Danish,181,2020-10-28 01:36:26
34,Summer of Blood,98749547,Tswana,54,2021-03-20 20:43:50
35,Because of Winn-Dixi,72736296,Georgian,22,2021-03-11 08:59:44
36,"Jerk Theory, The",43163939,Quechua,168,2020-11-23 15:07:37
37,"American Soldier, Th",63606468,Lithuanian,24,2020-09-02 17:40:57
38,Sing Your Song,84619187,Maltese,24,2019-11-07 21:40:28
39,Strange Planet,77661250,Thai,30,2020-02-24 10:18:41
40,Cedar Rapids,28480047,Belarusian,28,2020-03-21 11:10:05
41,A Flintstones Christ,5359386,Thai,62,2020-01-28 21:24:21
42,Dallas,54518466,Maltese,141,2020-06-24 17:50:24
43,"Phone Box, The (Cabi",16126403,Northern S,185,2020-11-05 01:00:32
44,Alien: Resurrection,22717798,Telugu,13,2020-11-06 07:08:57
45,"River, The",6885696,Sotho,157,2020-01-08 05:16:51
46,Stealing Home,50440058,Gagauz,129,2020-01-31 09:38:36
47,Formosa Betrayed,60807571,Dari,19,2021-02-26 03:40:27
48,Scenic Route,41050652,Pashto,42,2019-10-16 14:51:42
49,Cut,86887235,New Zealan,61,2021-05-06 17:53:13
50,Paprika (Papurika),18398915,Sotho,1,2020-03-22 23:59:04
51,"Firm, The",67441358,Papiamento,45,2021-01-03 09:53:39
52,Resident Evil: Apoca,50075949,Zulu,83,2021-03-06 06:53:49
53,Sintel,40633818,Oriya,94,2021-04-20 22:48:14
54,Reflections in a Gol,90089358,Hungarian,93,2020-06-14 22:23:32
55,"Lady in Red, The",52513421,Pashto,23,2020-03-18 12:22:24
56,Cohen and Tate,38657402,Tetum,140,2020-07-28 21:11:00
57,Rusalochka (The Litt,9693793,Luxembourg,38,2020-07-06 06:45:50
58,Runaway Train,31170905,Guaraní,82,2020-06-17 14:16:45
59,Take Aim at the Poli,85490173,Estonian,109,2020-05-01 22:13:50
60,Loss of Sexual Innoc,55768729,Swedish,187,2021-02-03 11:55:15
61,"Now You See Him, Now",28921746,Fijian,12,2019-12-14 22:21:00
62,Lethal Weapon,47928196,Zulu,17,2021-05-04 22:12:44
63,Zeisters (Fat Guy Go,17660245,Kannada,193,2019-10-29 00:57:58
64,Night on the Galacti,81205564,Zulu,4,2020-03-18 05:03:12
65,Apple Jack,5735844,Japanese,80,2020-01-02 20:18:39
66,Clouds of Sils Maria,59227388,Swati,169,2020-09-23 16:08:17
67,The Phantom of the O,5076077,English,150,2020-08-14 11:10:22
68,Maria Bamford: The S,9152806,Tajik,29,2021-01-23 17:27:03
69,"Inn in Tokyo, An (Tô",52297903,Latvian,169,2020-05-05 15:00:12
70,Madame Rosa (La vie ,35084649,Japanese,177,2021-04-14 17:19:34
71,Gray Matters,4243802,Luxembourg,143,2021-01-03 20:50:00
72,Man of the Century,99217774,Quechua,176,2021-03-22 13:36:37
73,Dirty Ho (Lan tou He,85159101,Macedonian,88,2020-03-26 13:55:06
74,Budd Boetticher: A M,28797738,Czech,119,2020-05-09 05:27:31
75,The Man Who Loved Yn,8486253,Fijian,32,2021-02-03 08:33:23
76,Underneath,672919,Bengali,161,2020-10-12 05:49:29
77,"Loveless, The (Break",70870453,Swahili,156,2020-04-19 23:53:15
78,Morituri,49191587,Bislama,57,2020-08-09 01:45:23
79,Necessary Roughness,19474802,Pashto,97,2020-02-11 18:30:00
80,Chiedimi se sono fel,10500756,Hungarian,37,2020-10-15 03:36:52
81,Piglet's Big Movie,88944972,English,73,2021-01-02 07:21:11
82,"Experiment, The",56300754,Maltese,101,2020-05-20 02:35:14
83,Disappearance of Ali,63665183,Northern S,87,2020-04-18 17:53:34
84,Love Serenade,40482778,Assamese,77,2020-05-06 11:57:26
85,Pharaoh's Army,28842355,English,144,2020-11-15 17:18:12
86,"Carter, The",155780,Burmese,140,2019-11-04 11:11:21
87,Orphans of the Storm,58192905,Tetum,91,2020-11-13 12:15:19
88,Secret Life of Words,6511497,New Zealan,163,2019-10-11 13:36:48
89,Valerie and Her Week,78395283,Gagauz,103,2020-10-30 12:34:39
90,"String, The (Le fil)",48812474,Azeri,30,2020-09-10 02:49:00
91,"Cold Light of Day, T",11954049,Bislama,119,2020-05-24 04:40:39
92,Eccentricities of a ,87595631,Bosnian,155,2020-02-02 16:08:09
93,The Hire: Beat the D,69529809,Irish Gael,159,2021-05-08 12:28:31
94,Chattahoochee,69450257,Lao,142,2021-03-15 07:22:39
95,Mais qui a tué Pamel,88588763,Tok Pisin,175,2020-07-28 13:03:14
96,"Unknown Soldier, The",86988110,Macedonian,159,2020-08-26 10:52:32
97,East Meets West (Dun,5181136,Japanese,139,2020-09-30 10:01:36
98,Hiding Out,37782126,Tsonga,105,2020-09-22 08:56:26
99,Rudy,68698397,Somali,67,2020-06-09 14:46:23
100,Slaughter of the Inn,372940,Czech,75,2021-02-02 15:56:31
101,Valley Girl,20433796,Bulgarian,103,2019-10-26 18:35:30
102,Footlight Parade,14448613,German,62,2021-04-12 06:53:48
103,How to Kill Your Nei,68193333,Korean,94,2020-03-01 16:33:12
104,Peanuts - Die Bank z,44546750,Romanian,31,2020-11-18 06:20:07
105,Deadly Friend,62406192,Arabic,48,2020-05-12 01:10:36
106,Germinal,94474677,Punjabi,147,2019-12-04 23:31:08
107,"Vicious Kind, The",90890837,Georgian,50,2020-03-07 23:53:02
108,"World Is Not Enough,",42856254,Thai,61,2021-05-08 11:50:42
109,"Last Supper, The",85603346,Italian,33,2020-07-04 20:36:00
110,"Case of You, A",54289215,Kurdish,170,2019-11-22 07:50:38
111,Knight Without Armor,40548990,New Zealan,18,2019-10-01 11:17:13
112,Zardoz,65164117,Croatian,172,2020-08-03 03:20:54
113,"Promise, The (Wu ji)",6294161,Croatian,57,2020-12-29 06:56:46
114,Pulse,98386197,Persian,141,2020-07-10 23:29:02
115,Keys to Tulsa,35382715,Bulgarian,21,2021-04-12 03:10:17
116,"American President, ",81085318,Hindi,151,2019-12-01 08:09:09
117,Babes in Arms,63353712,Kurdish,10,2020-07-03 09:16:59
118,Sugar & Spice,27841054,Telugu,1,2021-04-20 06:03:27
119,Tigrero: A Film That,99518385,Aymara,139,2020-07-26 15:00:22
120,"Cat and the Canary, ",31162713,Tajik,14,2020-11-29 08:10:44
121,April Story,97990291,Lao,163,2020-11-13 01:31:03
122,How Tasty Was My Lit,98857541,Mongolian,70,2020-12-30 15:19:13
123,Maryam,44523673,Italian,193,2020-12-08 15:52:06
124,Hobbit: An Unexpecte,37288755,Armenian,51,2019-12-02 15:13:21
125,The DUFF,88683545,Norwegian,107,2021-03-07 21:04:27
126,El tren de la memori,98152947,Hiri Motu,89,2020-07-04 00:25:39
127,Sleepover,10099911,Tajik,130,2020-04-28 22:26:03
128,Grindhouse,66889750,Kyrgyz,119,2020-07-03 13:47:24
129,Arcade,36079532,Punjabi,33,2020-06-01 00:33:17
130,Killer Pad,99489850,Punjabi,57,2021-03-27 01:55:30
131,Annie Get Your Gun,80095953,Thai,39,2020-02-02 04:22:37
132,"Train Robbers, The",7201042,Swedish,120,2019-11-30 14:13:57
133,Felony,96797849,Spanish,179,2020-06-28 02:00:40
134,Rancho Deluxe,96540558,Tetum,134,2019-11-08 13:44:04
135,"Bête humaine, La",16516346,French,107,2021-01-18 01:39:49
136,Hope and Glory,31319016,Kashmiri,37,2020-03-11 08:02:24
137,We Stand Alone Toget,51341379,Finnish,150,2019-11-12 12:08:53
138,Shameless (Maskeblom,41966337,Haitian Cr,154,2021-02-04 00:59:45
139,Sunday in New York,95082053,Burmese,179,2020-06-13 07:55:00
140,"Red Shoes, The",4057460,German,58,2020-07-20 09:38:30
141,Saturday the 14th,2169170,German,90,2020-12-15 13:23:27
142,10.5: Apocalypse,49341796,Yiddish,64,2020-02-05 22:51:33
143,"Wool Cap, The",86305832,Korean,18,2019-12-10 03:37:11
144,Mona Lisa,87239521,Tamil,42,2020-08-21 10:15:46
145,I Remember Mama,82862024,Northern S,85,2020-01-31 18:38:58
146,Seven Psychopaths,25006853,Pashto,34,2019-11-16 20:13:07
147,"Invisible Woman, The",34362106,Malagasy,113,2020-01-09 11:52:25
148,"Anniversary Party, T",89675020,Bulgarian,56,2020-06-11 00:02:52
149,Cameraman: The Life ,21032433,Norwegian,104,2020-02-17 16:51:39
150,Sidewalks of London ,85547263,English,112,2020-01-17 19:07:21
151,Conspirators of Plea,60290137,Lithuanian,160,2021-03-26 00:21:26
152,"Day of the Jackal, T",97422099,Luxembourg,179,2020-04-06 21:23:59
153,Decline of Western C,66047594,Amharic,126,2020-05-30 11:26:33
154,Panther,4442884,Filipino,97,2020-10-04 06:19:47
155,Brewster's Millions,51111027,Norwegian,152,2020-09-23 08:08:05
156,Samurai I: Musashi M,21568420,Luxembourg,131,2020-07-21 00:35:27
157,Experience Preferred,18750743,Tok Pisin,121,2021-01-06 02:06:51
158,Foreign Student,18944037,Bulgarian,135,2021-03-31 03:16:38
159,Destroyer,7080384,Swati,147,2020-04-02 17:08:08
160,Fast and the Furious,16218835,Malayalam,157,2021-04-13 09:09:36
161,December Boys,85071524,Japanese,4,2019-12-05 19:44:36
162,Kid Millions,67119822,West Frisi,114,2020-12-28 01:50:09
163,Oklahoma!,51240056,Dhivehi,84,2020-12-07 21:06:45
164,Cold Comes the Night,98474374,Finnish,109,2020-05-22 12:35:56
165,Frankie Starlight,68947023,Amharic,173,2021-01-06 22:49:08
166,Lebanon,68233585,Hindi,85,2021-03-04 00:14:08
167,"Unloved, The",44335342,Burmese,18,2020-09-10 17:31:03
168,The Blood of Fu Manc,79531758,Belarusian,77,2019-10-05 06:54:44
169,Bambi,56867757,Māori,150,2020-05-09 18:18:45
170,District 13: Ultimat,53337700,Malagasy,102,2020-12-28 06:34:50
171,Green Lantern: Emera,87021486,Swedish,115,2020-01-21 22:45:50
172,Assembly (Ji jie hao,1919402,Hiri Motu,125,2020-02-22 02:28:34
173,New Jersey Drive,76808896,Bosnian,28,2019-10-16 18:19:37
174,C.H.U.D.,41236416,Dari,192,2019-10-13 06:52:10
175,"North Star, The",31394593,Pashto,184,2020-01-16 21:01:21
176,Schwarze Sonne,39846149,Dari,184,2021-01-20 23:02:30
177,Salvador,27271564,Punjabi,49,2020-04-13 02:59:48
178,"Ebola Syndrome, The ",1547234,Greek,154,2020-12-23 14:42:18
179,Meet Joe Black,36969286,West Frisi,88,2020-10-13 15:01:45
180,Dark Tide,93754723,Kazakh,43,2019-11-18 04:27:50
181,"Badlanders, The",39199947,Italian,107,2019-12-30 02:01:10
182,Blood Shack,97416689,Kashmiri,62,2020-12-16 05:18:11
183,Schwestern,84243133,Tajik,33,2019-11-12 13:25:40
184,"Misérables, Les",55470307,Dzongkha,48,2020-02-16 23:31:45
185,"Storm in Summer, A",27323910,Armenian,139,2020-09-08 12:02:41
186,Battle for Haditha,65480922,Dari,112,2021-01-24 20:02:35
187,"Orphanage, The (Orfa",4856581,Catalan,46,2019-12-16 04:00:46
188,Babymother,62106953,Tswana,19,2020-12-31 10:28:45
189,"White Rose, The (Wei",56568893,Hungarian,73,2020-10-14 19:42:04
190,Memories of Matsuko ,59066694,Tswana,137,2020-01-14 00:09:41
191,Parking (Ting che),77258858,Dutch,13,2019-10-10 13:02:09
192,Black Knight,31150721,Finnish,43,2019-12-12 06:47:33
193,"Wonderful, Horrible ",21922833,New Zealan,65,2021-02-06 13:29:37
194,"Eye 2, The (Gin gwai",44720133,Gujarati,28,2021-02-05 04:44:10
195,No Direction Home: B,10293491,Irish Gael,76,2021-04-29 22:41:30
196,Wonderful Days (a.k.,52807769,Telugu,76,2020-04-29 03:51:36
197,Hotline,56980490,Portuguese,15,2021-01-31 14:19:28
198,"Hawk Is Dying, The",74976289,Burmese,117,2020-04-30 02:34:31
199,"Yacoubian Building, ",94847749,Bulgarian,50,2020-08-23 00:02:12
200,Palo Alto,61993079,Burmese,145,2020-08-10 08:00:47
201,Mourning Becomes Ele,72335874,Zulu,141,2021-01-24 18:10:35
202,Poison,15219015,Filipino,64,2019-11-14 17:44:05
203,Nil By Mouth,17491297,Bulgarian,21,2020-01-11 03:56:17
204,Chronic Town,5098765,Hungarian,137,2020-11-02 13:55:56
205,"Shadow, The",18864268,Estonian,100,2020-08-16 22:04:46
206,"Meteor Man, The",57882957,Filipino,7,2019-12-14 04:05:14
207,"Cat Concerto, The",70172100,Telugu,131,2021-02-09 00:19:37
208,The Fox and the Hare,72039473,Polish,26,2020-11-10 09:42:42
209,Cinemania,51273004,Northern S,71,2020-04-08 20:50:09
210,"Necessary Death, A",49381178,Estonian,91,2020-02-07 02:24:31
211,Dead End,14474038,Malayalam,109,2020-03-28 03:55:18
212,Free to Play,12535210,Telugu,53,2020-11-02 14:19:33
213,Scatter My Ashes at ,34101514,Moldovan,182,2020-03-02 17:41:08
214,Eastern Plays,76149828,Kurdish,119,2021-01-22 05:33:58
215,They Call Us Misfits,82512752,Somali,4,2021-02-08 10:56:06
216,The Elephant Man,72400377,Bengali,40,2021-01-26 12:37:24
217,Blue Crush,78674224,Pashto,90,2020-06-10 21:48:40
218,Toy Story,72041279,Zulu,22,2020-12-08 01:14:52
219,"Back to the Garden, ",39271547,Portuguese,194,2020-07-22 12:12:14
220,Shanghai Surprise,13211400,Hebrew,92,2020-02-24 14:30:47
221,"Living Desert, The",68601920,Amharic,121,2021-01-11 16:43:54
222,Mad Max,71272160,Amharic,102,2021-01-30 22:48:20
223,Prime,31013070,Moldovan,14,2020-01-07 15:44:59
224,Crimson Tide,12074957,Luxembourg,112,2021-04-14 17:14:19
225,Missionary Man,29421527,Latvian,83,2020-03-08 06:10:50
226,It's Complicated,77506377,Telugu,184,2020-01-16 06:28:38
227,...tick... tick... t,56156449,Maltese,39,2020-12-06 17:30:38
228,The Periwig-Maker,51653468,Punjabi,160,2020-12-12 16:06:52
229,Confessions of a Naz,99093581,Dhivehi,189,2020-08-19 08:47:34
230,God Is the Bigger El,78031329,Armenian,173,2019-12-16 14:56:26
231,"Day of the Triffids,",81274659,Greek,44,2020-08-16 12:53:39
232,Up the Sandbox,66635706,Azeri,193,2020-06-27 12:28:48
233,French Fried Vacatio,51889626,Indonesian,134,2020-08-08 17:24:01
234,Godzilla vs. Destroy,86049400,Swati,122,2020-08-31 05:32:34
235,Pokémon the Movie: W,75400422,Pashto,177,2020-03-14 00:04:59
236,Tomboy,76257736,Hiri Motu,8,2020-08-25 04:16:41
237,Primary Colors,86805257,Tok Pisin,12,2019-12-19 04:21:55
238,Unfinished Business,31902163,Luxembourg,63,2020-07-18 12:25:20
239,These Three,87834447,Finnish,161,2020-05-26 14:54:54
240,Eat Sleep Die (Äta s,86841177,Kashmiri,68,2020-03-26 12:07:38
241,"Map For Saturday, A",22388370,Italian,80,2020-10-22 20:20:14
242,Zookeeper,92663686,Finnish,96,2020-02-06 16:24:52
243,"Funeral, The",60077605,Lao,73,2020-10-22 04:14:31
244,Last Hurrah for Chiv,26238513,Arabic,55,2020-10-03 19:20:53
245,Santa Who?,33925911,Hungarian,36,2020-04-15 19:43:26
246,Dog Nail Clipper (Ko,65727890,Afrikaans,181,2020-07-06 14:37:13
247,Rainbow Valley,21262931,German,152,2020-10-02 06:55:23
248,Fast Food,59817810,Montenegri,8,2021-04-17 18:27:08
249,Shadowlands,99472122,Dhivehi,14,2020-11-09 08:56:48
250,Marvel One-Shot: Ite,18416007,Chinese,49,2021-01-04 11:24:48
251,"Honey, We Shrunk Our",12636201,Arabic,50,2020-08-29 23:13:40
252,Justice League: The ,60901771,Indonesian,166,2020-04-28 07:27:22
253,Moving Alan,1689264,Catalan,38,2021-03-13 20:04:57
254,Andy Hardy Meets Deb,877701,Filipino,165,2020-07-25 01:09:02
255,About Adam,34537787,Nepali,76,2020-09-18 07:03:27
256,"Man from London, The",76947704,Danish,174,2020-07-10 18:29:41
257,Smile,71991126,Catalan,137,2019-10-22 19:28:05
258,Nim's Island,24959090,Bengali,119,2019-11-25 07:01:02
259,"Shock to the System,",37751582,Korean,91,2020-07-30 09:35:20
260,The Trip to Squash L,71690978,Hebrew,65,2020-05-17 19:06:43
261,TiMER,78780260,Japanese,87,2020-09-20 21:45:26
262,"Grass Is Greener, Th",23205824,Luxembourg,194,2020-12-14 09:20:03
263,Sharky's Machine,98889571,Bislama,143,2021-04-02 23:33:03
264,Strange Voyage,24957470,Thai,28,2019-11-04 22:56:41
265,Good People,16850282,Kashmiri,109,2020-12-31 22:42:23
266,Manhunt,90712379,Hungarian,46,2021-04-11 19:54:11
267,"Guys, The",30915693,Tsonga,186,2021-03-04 02:44:06
268,Sheep Eaters (Lampaa,37860281,Gagauz,52,2021-02-23 22:43:47
269,Down and Derby,36366849,Kyrgyz,27,2020-08-29 07:57:24
270,Bloody Murder 2: Clo,95942169,Hebrew,53,2021-03-03 03:21:11
271,The Conrad Boys,40887870,Japanese,173,2019-10-05 16:01:56
272,Grandmother,5501839,Hiri Motu,19,2021-02-16 04:31:44
273,Here Comes the Navy,63497336,Sotho,103,2019-11-19 07:10:49
274,Robocroc,17096851,Hebrew,124,2019-12-13 19:23:25
275,Pebble and the Pengu,73896699,Dari,147,2019-11-02 02:06:48
276,Thieves by Law (Gana,13642396,Fijian,89,2019-12-19 07:00:58
277,Mannequin,92929806,Hindi,43,2020-05-22 06:53:42
278,Revenge of the Nerds,20862862,Filipino,85,2020-05-24 04:56:40
279,Altman,10451046,Croatian,8,2020-09-07 19:49:20
280,"Barefoot Contessa, T",4552910,Kurdish,69,2019-10-18 15:05:16
281,Distinguished Gentle,87947051,Latvian,142,2019-12-24 20:08:07
282,Yongary: Monster fro,22483782,Kannada,43,2019-11-29 13:53:26
283,Librarian: Quest for,65186169,West Frisi,57,2021-04-28 13:52:55
284,Precision: The Measu,82016792,Spanish,16,2020-08-17 16:09:45
285,Carmen Miranda: Bana,35683961,Malayalam,40,2019-12-12 03:03:46
286,Seed of Chucky (Chil,93572915,Hindi,27,2020-02-21 14:07:45
287,Bound by Honor (a.k.,19422883,Fijian,184,2020-04-02 02:54:25
288,"Revenant, The",97596955,Dhivehi,40,2019-12-07 20:28:30
289,Solomon Northup's Od,17862208,Filipino,58,2021-01-15 01:15:47
290,Talcum Powder,52169953,Sotho,142,2021-02-16 09:43:06
291,Bloodlust: Subspecie,43798741,Amharic,57,2020-06-30 04:04:01
292,Romeo Must Die,13434573,Dzongkha,78,2020-04-04 21:40:05
293,Winners and Sinners ,13146335,Hebrew,83,2021-04-08 01:49:59
294,Cross: The Arthur Bl,38755788,Czech,172,2020-09-21 13:15:41
295,George Lopez: Americ,84365390,Irish Gael,113,2020-01-16 05:10:15
296,Emmanuelle 2,96762223,Guaraní,138,2020-03-02 00:05:48
297,Unspeakable Acts ,48931513,Dhivehi,172,2020-11-18 16:44:34
298,One Foot in Heaven,99218601,Punjabi,153,2020-09-06 03:25:32
299,Dallas: War of the E,35313151,Bislama,93,2021-03-20 01:17:50
300,"Lizard, The (Marmoul",49040242,Italian,128,2020-07-02 01:20:51
301,Jack and Sarah,5891802,Bulgarian,35,2020-09-22 07:26:51
302,Steal This Movie!,50424803,Finnish,61,2021-04-19 14:35:08
303,"Artist, The (El Arti",34674683,Northern S,118,2021-03-23 01:39:36
304,Sailor Who Fell from,72807694,Lithuanian,119,2020-01-14 06:47:14
305,"Dark Mirror, The",93606267,Indonesian,2,2019-12-23 15:04:03
306,Blind Beast (Môjuu),63109936,Chinese,100,2020-06-02 15:02:37
307,Silmido,51826143,Estonian,21,2020-01-10 21:23:57
308,When Ladies Meet,2715429,Somali,85,2019-12-22 06:03:41
309,Private Lives of Eli,57968839,Somali,31,2020-07-01 10:54:50
310,The Iron Commissione,45396405,Mongolian,165,2021-01-07 14:54:32
311,Hansel & Gretel,50017668,Romanian,144,2020-08-14 22:33:43
312,Haunted House,68154976,Assamese,6,2019-12-22 19:11:40
313,Woman of the Year,32261911,Dhivehi,123,2020-06-23 05:45:32
314,Inside Paris (Dans P,9071539,Bislama,105,2019-12-12 03:51:31
315,Extreme Measures,65203588,Norwegian,63,2020-11-09 13:02:20
316,"Great White Hope, Th",92272700,German,60,2020-11-23 23:50:19
317,Lady Windermere's Fa,98788166,Tamil,68,2020-02-11 18:15:57
318,Charlie Chan in the ,62213750,Tetum,108,2019-10-18 04:40:05
319,"Beach, The",52634998,Chinese,21,2020-05-31 19:38:08
320,Dean Spanley,45705101,Malay,132,2020-08-06 17:34:14
321,Carts of Darkness,98309796,Luxembourg,71,2021-04-11 08:29:33
322,Gun the Man Down,3244572,Zulu,90,2021-02-01 01:39:15
323,Thunder Soul,83217496,Chinese,115,2021-03-21 00:59:01
324,Aftershock,79933620,Catalan,136,2020-10-18 22:34:43
325,No Blood Relation (S,45848545,Kashmiri,43,2020-02-15 11:15:22
326,August Mordum's Unde,28969501,Lao,78,2020-09-02 13:04:43
327,Fanatics (Kulman poj,56565176,Malagasy,44,2020-12-18 23:50:03
328,Life Aquatic with St,92702289,French,160,2021-01-22 04:44:17
329,Barabbas,46365011,Dutch,147,2021-01-04 02:02:23
330,"Judgement in Stone, ",12450013,Filipino,139,2020-12-12 21:21:35
331,Bait,60935198,Lao,146,2019-11-23 01:20:00
332,Yellow Sky,57199671,Kazakh,94,2020-09-21 06:31:14
333,"Fly, The (Légy, A)",38919885,Haitian Cr,80,2020-03-01 15:01:37
334,"Two Women (Ciociara,",80320690,Marathi,26,2020-10-02 02:46:33
335,Girl with the Red Sc,9227662,French,129,2020-03-05 14:26:59
336,Love Liza,88727319,Haitian Cr,67,2020-12-08 12:53:20
337,Argo,29921102,Filipino,165,2020-12-18 09:41:29
338,One A.M.,89076393,Bislama,174,2020-06-07 16:19:01
339,"Story of O, The (His",57649898,Persian,53,2020-05-13 04:33:08
340,"Park Is Mine, The",47673711,Burmese,76,2020-06-12 17:27:56
341,Cactus Flower,61012641,Kannada,15,2020-08-11 03:21:13
342,Johnny Handsome,1714540,Quechua,166,2020-01-20 18:06:12
343,Flintstones in Viva ,91110223,Gagauz,29,2021-01-08 16:11:24
344,For Queen and Countr,60428339,Swahili,21,2020-06-20 15:19:32
345,Pandora's Box (Büchs,59103726,Amharic,52,2021-03-22 03:30:55
346,Ronin,85712076,Guaraní,168,2020-10-15 18:21:14
347,My Awkward Sexual Ad,39359672,Māori,176,2020-12-28 20:20:55
348,West Point,24523691,Tswana,149,2020-06-14 15:50:36
349,Hideaway,78583033,Kurdish,136,2020-07-15 11:08:45
350,Odds Against Tomorro,74575626,Tamil,45,2020-10-02 13:09:54
351,Children Who Chase L,40428112,Nepali,61,2020-05-28 03:59:24
352,Amazon Women on the ,7632129,Catalan,184,2019-12-09 04:06:13
353,I Give It a Year,63718358,Afrikaans,106,2021-03-05 13:37:45
354,Captivity,42980857,English,107,2021-04-15 17:41:30
355,Armored Car Robbery,41455774,Malay,79,2020-12-04 04:53:04
356,Warrior of the Lost ,81788223,Georgian,85,2020-01-16 16:10:50
357,Oh Happy Day,10595526,Maltese,6,2020-10-11 10:34:59
358,Girl 27,88102071,Haitian Cr,75,2020-08-30 07:25:38
359,Big Bad Wolf,7858653,Guaraní,10,2020-12-16 02:31:41
360,Endgame,65703261,Telugu,76,2020-06-02 03:03:24
361,Paranormal Activity:,93570740,Northern S,109,2019-11-07 17:59:51
362,Postcards From the E,55279966,Belarusian,44,2020-12-23 10:08:27
363,Kokowääh,53529780,Dari,90,2021-03-27 09:19:26
364,Lifeboat,90663703,Burmese,90,2020-11-07 06:37:55
365,Five Graves to Cairo,47305150,Amharic,33,2019-11-16 07:37:46
366,All the Colors of th,48250179,Portuguese,137,2020-05-21 17:20:02
367,Prison (Fängelse) ,49584034,Somali,35,2021-03-13 01:08:30
368,Afterwards,94862669,Swedish,36,2020-10-07 15:41:52
369,I Origins,29995008,Tetum,7,2020-08-22 16:43:07
370,Dangerous Liaisons,76870632,Somali,50,2019-10-17 12:58:23
371,She Done Him Wrong,19034300,Macedonian,183,2020-06-02 02:30:01
372,"Ewok Adventure, The ",42080584,Filipino,90,2020-12-23 20:22:07
373,Paradise Lost: The C,31911562,Gagauz,35,2020-03-28 11:06:32
374,"Tree of Life, The",81008325,Croatian,157,2020-06-10 07:45:58
375,Sandra of a Thousand,39893985,Kannada,139,2020-08-02 17:53:04
376,"Ballad of Narayama, ",40051894,Czech,84,2020-01-07 11:59:40
377,Immortel (ad vitam) ,47888716,Montenegri,73,2021-01-04 23:58:51
378,Yonkers Joe,45268758,Papiamento,29,2020-09-05 23:15:40
379,"Tarzan, the Ape Man",77700580,Kannada,125,2020-06-11 00:57:55
380,White Lightning,16972339,Punjabi,164,2020-04-02 20:51:25
381,Which Way Is the Fro,15462278,Khmer,136,2020-09-22 08:43:11
382,"Fairy, The (La fée) ",57433989,Tetum,125,2019-10-05 01:16:20
383,Hysterical Blindness,74988252,Zulu,159,2019-12-15 20:32:40
384,Heaven,50754675,Aymara,2,2020-10-13 12:18:09
385,Joe's Apartment,43794577,Portuguese,36,2020-03-13 18:14:49
386,"Ungentlemanly Act, A",85773767,Albanian,174,2019-11-04 10:01:42
387,Gurren Lagann: The L,72787622,Thai,147,2020-04-14 14:37:16
388,"Love Bug, The",70757527,Kazakh,80,2021-03-13 07:06:30
389,"Me You Them (Eu, Tu,",13523279,Bulgarian,185,2020-08-16 08:15:33
390,Leonard Cohen: I'm Y,47563004,Polish,2,2021-04-12 17:47:17
391,Revolutionary Girl U,59506410,Nepali,158,2019-10-10 05:03:21
392,Nude Nuns with Big G,62329536,Finnish,194,2020-09-02 01:45:16
393,Cookie's Fortune,31858820,Kazakh,145,2020-01-25 00:33:30
394,Moliere,45492571,Malayalam,73,2020-05-14 18:08:30
395,Mad City,55435126,Arabic,121,2020-12-16 02:03:03
396,Fraulein (Das Fräule,74164079,Azeri,126,2020-02-01 10:52:50
397,East Palace West Pal,29885745,Estonian,96,2021-02-11 19:02:56
398,"Honey, We Shrunk Our",46503154,Mongolian,12,2019-12-09 09:09:42
399,"Ghidorah, the Three-",48520517,Finnish,111,2020-06-08 13:32:12
400,Wild Is the Wind,50567291,Estonian,91,2020-04-09 12:44:39
401,Final Destination,31965567,Tajik,22,2020-09-08 07:38:30
402,Elephant,9363299,Bosnian,55,2020-12-17 01:35:58
403,Blind Massage (Tui n,82206390,Portuguese,36,2021-03-26 07:41:22
404,"What's Up, Tiger Lil",11226261,Moldovan,89,2020-07-31 20:36:50
405,BookWars,40653370,Sotho,38,2021-03-16 03:42:54
406,Turbo: A Power Range,27343927,Northern S,157,2021-01-04 03:02:34
407,"Greater Promise, A (",46440472,Georgian,177,2020-05-24 06:13:46
408,Decoys,741340,West Frisi,178,2021-01-23 07:59:08
409,Power 98,40276814,West Frisi,154,2021-03-13 07:49:19
410,Fear City: A Family-,78961560,Croatian,86,2020-03-23 12:28:01
411,Little Accidents,80473222,Bosnian,124,2020-03-09 07:41:47
412,Girl from the Naked ,76827375,Icelandic,44,2021-03-08 12:55:17
413,Something to Sing Ab,96408245,Gagauz,187,2021-04-05 14:54:50
414,Felicia's Journey,35039991,Oriya,124,2019-10-07 08:56:54
415,Stealing Time (a.k.a,44015281,Dzongkha,133,2020-05-06 07:47:16
416,"Amazing Spider-Man, ",7111334,Tamil,181,2020-11-18 18:31:34
417,G.I. Jane,45058758,Finnish,85,2019-12-26 22:54:35
418,What to Expect When ,44053019,Spanish,35,2020-08-14 08:26:42
419,White House Down,59357562,Zulu,67,2020-04-15 20:39:28
420,Pariah,52609749,Afrikaans,171,2021-04-19 15:56:38
421,Painted Fire (Chihwa,41082735,Polish,113,2020-07-10 22:50:18
422,Other Side of the Be,45418595,Tetum,168,2020-07-28 21:53:52
423,The Cabin in the Cot,88703123,Portuguese,173,2020-05-01 20:35:57
424,Method to the Madnes,41153603,Moldovan,18,2020-07-28 06:40:16
425,Delicacy (La délicat,67064587,Chinese,60,2019-10-26 22:15:07
426,55 Days at Peking,6201825,Kashmiri,76,2020-12-19 00:04:24
427,Erin Brockovich,27169371,Romanian,41,2020-08-04 14:34:28
428,Vito,51136913,Icelandic,73,2019-10-28 21:25:06
429,"Public Woman, The (F",8335414,Aymara,59,2019-12-07 08:42:24
430,"Eternal Return, The ",36754780,Assamese,132,2020-05-01 19:35:27
431,On the Waterfront,55305707,French,193,2019-10-23 22:14:36
432,Don Jon,18706901,Kannada,41,2020-03-31 09:30:13
433,Vengo,20128674,Afrikaans,40,2020-06-16 03:20:27
434,American Heart,41028554,Czech,191,2020-07-20 09:14:31
435,Van Diemen's Land,41024993,Khmer,131,2021-04-12 07:43:45
436,Business of Stranger,7443679,Hebrew,61,2020-05-19 00:59:45
437,"Deluge, The (Potop)",22606751,Tok Pisin,168,2019-11-24 11:27:30
438,Day a Pig Fell Into ,38927729,Lithuanian,180,2021-04-05 16:04:26
439,"Bullfighter, The (Ma",86031521,Kurdish,69,2020-12-22 01:31:16
440,Venus Wars (Venus Se,89742939,Quechua,137,2020-11-21 08:24:09
441,Search for the Beast,88878611,Hiri Motu,32,2020-12-20 19:04:42
442,Half of a Yellow Sun,29087912,Kyrgyz,46,2020-02-07 18:33:02
443,Off and Running ,92129697,Kashmiri,139,2019-12-22 12:29:04
444,"Private Eyes, The",52531388,Dutch,98,2020-02-26 16:56:28
445,At Home by Myself...,39818405,Burmese,103,2020-03-04 19:54:41
446,Iron Man 3,90739212,Bosnian,68,2021-05-05 04:33:47
447,"Night Walker, The",491763,Marathi,170,2020-12-07 09:33:05
448,Lee Daniels' The But,56156488,Mongolian,110,2020-03-12 04:23:09
449,Storm of the Century,38710821,Haitian Cr,14,2020-11-10 11:31:01
450,Henry,85765140,Armenian,65,2021-01-22 01:26:44
451,Ultramarines: A Warh,4597879,Nepali,167,2021-01-01 23:48:59
452,House by the River,23304944,Azeri,191,2020-11-21 13:42:07
453,"Coluche, l'histoire ",87707870,Hindi,90,2021-04-13 00:08:27
454,Gun the Man Down,50027773,Norwegian,42,2020-12-27 01:10:00
455,"Star, The",90978263,Gujarati,44,2019-11-26 12:28:44
456,No Turning Back,43634545,Japanese,62,2020-06-10 00:12:31
457,Days of Heaven,38935117,Armenian,59,2020-09-28 20:19:35
458,Outsiders (Ceddo),44477943,Malay,79,2020-10-31 08:10:44
459,And Life Goes On (a.,27703093,Assamese,80,2021-03-31 19:40:00
460,"Amish Murder, An",25704951,Hungarian,130,2020-10-24 23:29:19
461,Lay the Favorite,30136351,Kashmiri,156,2020-11-01 04:48:06
462,Don's Plum,23472563,Chinese,57,2020-02-23 23:26:31
463,Heartbreak Hospital,82865870,French,114,2021-01-14 01:38:44
464,"Cuckoo, The (Kukushk",22902849,Macedonian,155,2020-10-04 10:39:48
465,Claymation Christmas,15908879,Bosnian,20,2021-03-19 18:10:13
466,Five Weeks in a Ball,22357130,Romanian,140,2020-04-30 20:09:22
467,"Great Silence, The (",25281014,Norwegian,22,2020-05-09 11:48:41
468,Dhoom,87905875,Armenian,10,2021-02-24 14:10:05
469,"I, Madman",33282910,Catalan,8,2020-01-26 02:42:16
470,Whose Life Is It Any,66201888,Macedonian,64,2020-02-20 22:52:37
471,"Art of Crying, The (",57905271,Armenian,186,2020-01-01 22:54:12
472,Alone in the Dark II,67619309,German,20,2020-02-16 07:07:41
473,Three Stars,73821116,Kashmiri,82,2020-11-11 17:02:48
474,Buena Vista Social C,46456516,Malay,166,2020-12-26 07:25:13
475,Amityville 3-D,12787600,Tetum,7,2020-10-13 14:25:00
476,Soul Assassin,71705947,Albanian,165,2020-04-07 04:38:16
477,Rosencrantz and Guil,62067769,Afrikaans,169,2021-01-07 08:09:25
478,"Glass Key, The",76548072,Nepali,135,2021-02-18 21:29:53
479,Lost Boys: The Tribe,61737251,Sotho,116,2020-08-08 16:55:01
480,"Thief Lord, The",91384319,Northern S,159,2020-04-18 07:02:14
481,Rhapsody in August (,56545754,Mongolian,85,2020-12-01 06:18:27
482,Semi-Pro,77966180,Swahili,38,2019-10-04 11:22:20
483,City Lights,71735276,Finnish,58,2021-05-11 11:14:25
484,Hijack That Went Sou,6662029,Tswana,107,2020-07-29 12:59:13
485,Red Chapel (Røde kap,58190491,Portuguese,72,2020-12-26 21:42:18
486,Hits,84078559,English,144,2020-12-29 23:58:56
487,Sh! The Octopus,90879287,Finnish,63,2020-11-20 07:32:32
488,EuroTrip,37596724,Croatian,4,2020-02-13 02:34:38
489,Young Thugs: Nostalg,61393313,Filipino,132,2020-07-03 11:01:58
490,A Man Called Magnum,37435166,Tswana,31,2020-03-15 04:55:37
491,Daisies (Sedmikrasky,16156788,French,151,2020-10-30 23:36:47
492,RocketMan (a.k.a. Ro,84335512,Telugu,62,2020-10-10 10:58:16
493,Crazy in Alabama,26877054,Georgian,113,2020-10-23 02:55:13
494,Nicholas Nickleby,65210352,Danish,94,2020-05-08 11:07:30
495,"Devil's Carnival, Th",89770876,Finnish,11,2020-02-19 13:38:59
496,License to Drive,90475806,Latvian,167,2020-04-30 07:43:00
497,Jawbreaker,43726502,Punjabi,101,2020-10-01 22:18:46
498,"Bachelor, The",23587544,Portuguese,21,2020-06-08 02:33:17
499,Hell and Back Again,37723579,Tetum,117,2020-04-17 21:12:06
500,Estomago: A Gastrono,25547265,Swedish,16,2020-03-16 20:56:56
501,Pinky,4938690,Swedish,166,2020-03-21 00:27:05
502,Watch on the Rhine,97982337,Icelandic,80,2020-12-25 11:28:16
503,Barbarian Queen II: ,76185127,Polish,37,2020-02-21 07:05:39
504,Maid in Sweden,78155181,Maltese,35,2021-03-02 04:59:37
505,The Island,91866610,Haitian Cr,98,2021-02-23 22:43:02
506,Contagion / Bio Slim,31046108,Luxembourg,111,2020-12-07 04:56:46
507,Brief History of Tim,79285047,Croatian,103,2021-01-18 15:23:13
508,"Sex of Angels, The (",5995032,Finnish,41,2019-11-08 05:41:04
509,Even Angels Eat Bean,93334004,Tswana,169,2021-02-02 09:58:34
510,BloodRayne: Delivera,39010165,Belarusian,148,2020-09-06 16:04:25
511,Father of the Bride,38227785,Chinese,67,2020-01-06 00:22:55
512,Maid in Sweden,70976881,Oriya,93,2020-08-11 15:19:35
513,Goldengirl,78591629,Punjabi,8,2020-08-24 11:17:55
514,Bikini Spring Break ,99142122,Tetum,20,2020-02-11 12:24:36
515,Elegy,7309775,Bulgarian,192,2020-04-18 11:32:36
516,Midnight Mary,80080658,Amharic,177,2020-06-30 18:29:41
517,"Farmer's Daughter, T",62754897,Pashto,5,2021-02-20 01:01:32
518,Friends at the Margh,85929666,Swedish,142,2020-03-03 20:01:40
519,Blackfish,70692476,Armenian,54,2020-04-26 14:44:02
520,Stranger than Fictio,30559727,Bosnian,17,2021-03-09 23:24:15
521,Flags of Our Fathers,98830466,Somali,54,2020-09-25 14:06:45
522,Israeli Intelligence,59020182,Assamese,63,2021-04-15 04:36:09
523,Love Story,36292907,Bislama,61,2020-12-20 13:54:54
524,Memento,77357777,German,10,2020-10-24 15:42:01
525,Tough and Deadly,53963683,Chinese,59,2020-03-06 23:35:55
526,Slappy and the Stink,98102740,Lithuanian,159,2021-01-28 07:22:32
527,God Bless Ozzy Osbou,82079608,Spanish,27,2021-02-04 21:15:15
528,Confidentially Yours,31452210,Catalan,155,2020-11-15 10:42:48
529,Pursued,48317865,Lao,71,2020-11-30 21:17:46
530,Just Like Me (Iguali,73964036,Kannada,54,2020-11-10 12:44:50
531,Century of the Drago,84476372,Dhivehi,82,2020-01-31 02:46:04
532,Legends of Oz: Dorot,67991386,Somali,177,2020-12-16 20:24:07
533,"Quick and the Dead, ",27497093,Chinese,12,2020-03-23 22:53:53
534,Ethan Mao,49431148,Kurdish,92,2021-04-15 04:04:49
535,In Her Shoes,71617061,Bulgarian,105,2021-03-02 22:20:05
536,"Visitors, The",31561602,Bosnian,29,2021-02-21 01:38:29
537,Come Back to the Fiv,68446842,Georgian,77,2020-09-13 07:54:47
538,Chocolat,18789335,Gujarati,68,2020-07-25 17:10:08
539,Stand by for Action,48338277,Czech,68,2020-09-11 15:09:27
540,Outsider,95927005,Montenegri,117,2021-02-23 14:40:06
541,They Won't Believe M,8873871,New Zealan,42,2021-01-20 02:29:20
542,Unfinished Sky,60885107,Swahili,172,2020-10-27 16:26:33
543,Cirque du Soleil: Va,2699237,Polish,78,2020-10-11 17:02:29
544,Samoure,85150219,Afrikaans,33,2020-09-19 11:13:49
545,Gone to Earth,53676005,Finnish,118,2020-02-27 21:24:39
546,Pete Smalls Is Dead,80273921,Spanish,187,2020-10-07 17:02:15
547,Listen to Your Heart,12204439,Thai,120,2020-02-03 07:35:40
548,Bandits (Bandidos),13114738,Filipino,64,2021-02-12 06:39:20
549,Stardom,79574918,Northern S,102,2020-03-21 07:48:27
550,Red: Werewolf Hunter,89943734,Hindi,177,2020-04-06 10:23:41
551,Babylon 5: The Lost ,87311751,Bosnian,38,2020-04-23 00:42:34
552,Ten Minutes Older: T,1441270,Telugu,151,2021-02-06 14:34:38
553,"Majority of One, A",87748520,Czech,80,2021-03-09 05:53:35
554,Spend It All,35438635,Czech,13,2020-09-14 20:22:38
555,Don't Make Waves,5360490,Montenegri,172,2020-02-17 11:30:05
556,Passion of Love (Pas,47125500,Dari,149,2020-02-03 02:01:23
557,Geography Club,80320333,Bislama,1,2021-01-10 04:05:33
558,Jaws: The Revenge,79138790,Arabic,170,2021-03-19 18:08:26
559,Emmanuel's Gift,41949375,Malagasy,16,2020-11-06 00:16:07
560,"Ebola Syndrome, The ",58917933,Gagauz,1,2020-04-15 23:12:33
561,Meat Love,38284336,Polish,111,2019-10-21 05:16:18
562,Strangers in Good Co,11326692,Dzongkha,178,2021-01-15 07:10:28
563,Marie from the Bay o,40965875,Romanian,61,2020-09-23 04:20:39
564,A Husband of Round T,37637391,Tajik,11,2020-03-27 20:52:59
565,By the Bluest of Sea,85990310,Fijian,165,2020-09-06 05:01:30
566,Lizzie McGuire Movie,17199525,German,50,2020-02-10 22:29:06
567,Oliver Twist,13240305,Somali,159,2020-02-05 01:41:48
568,Texas Chainsaw Massa,31393691,Dari,104,2020-06-20 17:37:52
569,"Immigrant, The",79090549,Dzongkha,144,2020-03-29 05:03:02
570,Adult World,14040741,Dhivehi,127,2021-04-30 15:20:19
571,"House of Mirth, The",56230805,Luxembourg,110,2020-08-10 16:19:18
572,Harishchandrachi Fac,11871709,Albanian,90,2020-02-09 05:59:04
573,Frantic,8370570,Zulu,24,2020-03-29 14:50:13
574,Pocketful of Miracle,96034741,Kyrgyz,27,2019-12-13 12:39:32
575,Tales from the Crypt,99900123,Finnish,37,2020-05-26 02:20:54
576,Awesome; I Fuckin Sh,66797464,Bengali,91,2019-12-01 13:42:40
577,Summer of Sam,16155027,Montenegri,171,2020-08-20 16:21:38
578,Casanova,59471534,Lao,27,2021-01-25 00:52:39
579,Life and Times of Ha,1724759,Malay,116,2020-12-08 10:36:19
580,Giants and Toys (Kyo,21847220,Lao,86,2020-02-06 20:05:17
581,Beat the Devil,99542858,Kashmiri,29,2021-01-15 07:00:35
582,Easy Virtue,4853351,Oriya,163,2020-03-13 12:31:09
583,Grandma's Boy,41665219,Latvian,88,2019-10-14 20:30:05
584,"Lodger, The",32086347,Zulu,136,2020-09-25 17:17:27
585,Love Bites,31475403,Estonian,115,2020-10-19 09:18:23
586,"Dorado, El",4918919,Norwegian,112,2021-02-10 09:23:35
587,"First Man, The (Le P",69769177,Norwegian,123,2020-07-13 21:14:11
588,Beautiful People,79718600,Fijian,182,2020-10-30 08:38:32
589,American Drug War: T,1714857,Aymara,66,2020-12-30 20:11:30
590,Tyler Perry's A Made,70740196,Korean,111,2020-06-17 17:21:34
591,Secret Admirer,57261005,Burmese,76,2019-11-24 08:05:53
592,"Terrorist, The (a.k.",474225,Estonian,180,2020-07-15 23:59:34
593,Two-Way Stretch,13138023,New Zealan,75,2020-10-03 21:53:38
594,Police Python 357,8964951,Fijian,173,2021-03-24 09:46:49
595,From the East (D'Est,40746274,Guaraní,44,2021-01-20 01:41:14
596,Mr. Wonderful,95076094,Bislama,146,2021-04-26 23:16:26
597,Pizzas,5659737,Italian,34,2020-12-23 07:37:55
598,Fools' Parade,40269818,Zulu,83,2021-03-05 00:01:24
599,Grandma's Boy,41331731,Ndebele,183,2020-07-26 20:45:31
600,Stranger on the Prow,47441726,Moldovan,176,2020-04-24 18:42:21
601,Dieta mediterránea,13110053,Lithuanian,113,2021-03-26 10:19:41
602,"Hunting Party, The",66510193,Kannada,191,2021-03-02 11:25:13
603,Shock and Awe: The S,9729252,Guaraní,152,2020-08-03 12:24:06
604,Abendland,74863299,Persian,119,2020-12-29 13:11:37
605,Meet Me in St. Louis,44790966,Afrikaans,134,2021-02-02 09:46:34
606,Deterrence,12145670,Kannada,153,2020-08-13 07:37:13
607,Bloody Birthday,23748184,Hebrew,23,2020-05-15 03:20:40
608,The Distance,57389767,Tok Pisin,58,2021-01-14 15:54:41
609,"Classic, The (Klassi",16461640,Dhivehi,93,2020-08-13 01:31:49
610,La guerre des tuques,26966230,Romanian,3,2020-01-17 17:44:40
611,Union Station,63545054,Lao,106,2019-12-19 03:43:49
612,Emmett's Mark,61841274,Norwegian,137,2020-10-21 05:39:54
613,"Loveless, The (Break",56171553,Japanese,4,2020-04-03 00:54:01
614,"Stranger in Town, A",78355308,French,120,2020-08-03 10:49:20
615,The Snow Woman,19954010,Swati,150,2020-01-12 18:35:48
616,"Boys of Baraka, The",77555658,Swati,107,2021-01-11 17:43:36
617,Grief,79806111,Thai,191,2020-04-09 02:12:27
618,Hobbit: An Unexpecte,75373052,Catalan,167,2021-05-01 01:19:23
619,Dangerous Game,99479373,Chinese,120,2020-04-03 02:08:47
620,Divide and Conquer (,89558651,Fijian,145,2020-09-27 07:47:28
621,"Omega Code, The",11018027,Italian,58,2019-10-12 22:03:02
622,Secret Life of Words,51363615,Kashmiri,39,2021-02-12 02:24:01
623,United 93,24473644,Italian,80,2020-12-29 13:47:17
624,Sahara,61007540,Malay,28,2021-05-03 19:10:56
625,Fantasia 2000,3042783,Armenian,81,2020-11-28 17:43:47
626,With Friends Like Th,76980592,Hindi,81,2020-01-24 02:37:56
627,Bay of Blood (a.k.a.,88703591,Tswana,166,2020-10-04 06:22:16
628,Rhino Season (Fasle ,33215682,Burmese,128,2020-07-19 15:11:10
629,Waiting Women (Kvinn,85747292,Tetum,155,2020-12-28 23:26:01
630,Man-Thing,22728450,Khmer,143,2020-10-17 00:54:56
631,Wedding Crashers,6670884,Tajik,187,2019-10-27 04:50:16
632,Billy Budd,65879302,Filipino,108,2020-11-26 02:08:33
633,Only When I Laugh,19042981,Punjabi,12,2020-11-21 02:36:47
634,Forgiven,13872621,Dutch,8,2020-05-02 05:00:05
635,10th Judicial Court:,37624866,Bosnian,120,2020-08-04 04:58:17
636,Tap,39291398,Romanian,158,2020-04-15 22:12:56
637,Happy Here and Now,72361282,Macedonian,97,2019-11-20 21:56:16
638,Before the Rain (Pre,99560732,Tsonga,44,2020-04-30 22:28:53
639,Crossworlds,13391477,Yiddish,48,2019-10-25 06:31:41
640,"Blue Max, The",10820712,Papiamento,188,2020-03-29 11:57:01
641,Rocky V,5160102,Bislama,97,2020-03-24 01:30:32
642,Memory,36767543,Oriya,59,2020-07-25 18:59:04
643,Mystic Pizza,71822395,Tsonga,92,2021-03-04 09:40:09
644,Mark Shoots First,20365537,Latvian,86,2020-04-10 18:19:10
645,Seraphim Falls,27136464,French,190,2020-12-13 08:00:11
646,Someone Like Him (Ei,56503384,Korean,48,2020-12-05 16:43:49
647,Who Are you Polly Ma,29404587,Tajik,146,2020-02-15 01:13:14
648,Bellissima,47823334,Fijian,98,2021-04-21 09:51:53
649,Enid Is Sleeping,37371770,Romanian,112,2020-05-17 22:30:21
650,"Eagle Has Two Heads,",30701530,New Zealan,133,2020-01-15 12:36:44
651,Delicacy (La délicat,43267511,Malayalam,133,2021-01-19 20:31:13
652,Wife vs. Secretary,12804553,Armenian,65,2019-11-25 05:32:17
653,My Little Pony: Eque,12754549,Kashmiri,74,2019-12-16 17:32:02
654,"Paper Chase, The",66634474,Tetum,43,2020-02-07 16:31:13
655,Making 'Do the Right,2616112,Malay,97,2020-03-31 04:27:33
656,Police Academy,59922405,New Zealan,43,2020-05-25 00:20:49
657,"Bang Bang Club, The",49396011,Kyrgyz,75,2021-02-20 00:50:40
658,Concorde: Airport '7,91440708,Icelandic,30,2021-03-24 13:16:17
659,Naan Kadavul,47318411,Kannada,97,2021-02-06 06:37:26
660,Werner Herzog Eats H,23473731,Persian,28,2021-01-27 22:49:37
661,Abigail's Party,55553024,Haitian Cr,98,2020-05-14 16:39:38
662,Shenandoah,59750964,Polish,100,2021-02-26 05:12:24
663,Barnyard: The Origin,10224250,Bosnian,66,2021-01-13 20:03:22
664,Subspecies,84706890,Croatian,65,2021-04-30 11:32:25
665,Meet Bill,27118662,Amharic,158,2019-11-20 09:31:39
666,World Without Thieve,98631072,Lithuanian,69,2020-03-28 05:15:07
667,"Housekeeper, The (fe",78977394,Somali,19,2021-01-09 06:43:07
668,House of 9,77823064,Māori,95,2019-12-10 05:04:47
669,Swimming Pool,8511189,German,84,2020-03-17 07:24:23
670,"Hurricane, The",52835644,Lao,76,2020-07-29 00:54:13
671,Anaconda,89454168,Georgian,115,2021-03-29 00:34:51
672,Incredible Hulk Retu,71697174,Lithuanian,127,2020-12-12 16:30:20
673,American Teen,75395003,Yiddish,178,2020-11-25 19:22:36
674,Hell's Gate 11:11,94972223,Marathi,194,2020-07-30 00:45:19
675,3:10 to Yuma,77744885,Polish,11,2020-06-23 02:10:15
676,22 Jump Street,53786573,Dzongkha,87,2020-05-09 02:14:15
677,Pokémon the Movie: W,80892276,Sotho,52,2020-03-11 06:16:07
678,Black Beauty,29471704,Dzongkha,131,2020-11-02 11:51:39
679,Mr. Hobbs Takes a Va,82141779,Kannada,30,2020-08-03 06:01:24
680,A.K.A. Don Bonus,50534837,Northern S,187,2020-05-20 06:43:01
681,Just Another Love St,97916235,West Frisi,161,2020-01-20 04:07:40
682,Robin and the 7 Hood,38483558,Hebrew,180,2020-12-28 00:42:42
683,Why Worry?,75999486,Burmese,15,2020-05-05 16:51:44
684,Permanent Midnight,36668343,Luxembourg,152,2020-11-16 19:26:42
685,"Apartment, The",69760844,Belarusian,87,2020-11-15 20:39:24
686,L.A. Story,68137569,French,181,2020-01-10 02:58:16
687,Bring Me the Head of,85722996,Portuguese,155,2019-10-15 18:18:00
688,I Am Jesus,81023616,Kurdish,134,2021-04-02 04:30:49
689,Turn of Faith,11880256,Kurdish,63,2020-04-02 23:54:01
690,Full Metal Jacket,39207530,Kyrgyz,159,2020-04-05 16:56:45
691,Man Is Not a Bird (C,61370211,Icelandic,133,2021-04-08 01:45:18
692,"Soldier's Story, A",55341605,Amharic,8,2020-09-10 13:52:54
693,In the Beginning (À ,82124279,Croatian,131,2020-02-13 15:52:38
694,Stake Land,2150227,Hiri Motu,115,2020-11-13 21:45:42
695,"Last Lions, The",38949504,Malagasy,170,2020-08-07 04:58:27
696,Underworld: Evolutio,73841495,Kyrgyz,10,2021-02-05 19:38:38
697,School Daze,88295986,Somali,14,2020-08-27 16:59:17
698,Too Many Cooks,50402818,Danish,161,2021-04-12 01:39:02
699,"Perfect World, A",59694728,Haitian Cr,194,2020-12-07 22:14:14
700,Crazy Horse,55606633,New Zealan,82,2020-08-11 04:57:07
701,"Survivors, The",6758884,Hebrew,19,2020-10-23 16:32:33
702,"Boys Are Back, The",84098676,Kashmiri,63,2020-04-15 04:01:28
703,Dare,79013023,Yiddish,62,2021-01-01 11:40:06
704,She Had to Say Yes,60226811,Hindi,165,2020-04-04 01:41:14
705,All the Vermeers in ,20576760,Swahili,182,2021-03-22 06:00:57
706,Two for the Road,19664076,Māori,25,2019-11-22 02:15:50
707,Underneath,8769281,Norwegian,160,2020-07-30 17:43:51
708,Thrust in Me,93139774,Ndebele,100,2020-09-02 21:00:56
709,U.S. Seals,94480856,Dutch,153,2020-05-30 09:11:41
710,Sagebrush Trail,42398225,Somali,162,2019-11-03 17:38:44
711,Penitentiary,46219220,Korean,45,2020-05-20 00:59:41
712,First Person Plural,24331167,Latvian,59,2020-11-19 10:55:03
713,Portrait of Wally,28017203,Montenegri,193,2019-11-01 05:41:07
714,Lisbon Story,95092999,Lao,54,2020-07-25 13:52:46
715,By Dawn's Early Ligh,36120820,Swahili,98,2021-05-03 15:13:47
716,Inseparable,31304807,Bislama,81,2021-04-18 14:36:13
717,In Darkness,7526914,Greek,114,2020-04-13 09:58:03
718,Jean de Florette,83964891,Korean,179,2019-12-31 18:45:01
719,"Cookout, The",91282798,Arabic,166,2020-10-24 22:25:14
720,Bird,94145388,Malayalam,92,2020-11-05 02:25:46
721,Challenge to Lassie,1379129,Amharic,166,2020-12-12 17:54:11
722,"Winner, The",93816969,Fijian,51,2020-10-08 13:29:24
723,Civil Brand,1642596,Māori,111,2021-02-20 19:25:34
724,Edvard Munch,93903943,Armenian,108,2020-08-31 10:58:31
725,Poor White Trash,1103650,Georgian,116,2020-11-03 18:44:04
726,Hairspray,14975866,Dzongkha,132,2020-11-25 17:08:40
727,"Accidental Husband, ",53167390,Guaraní,10,2020-05-03 18:43:29
728,Drew: The Man Behind,54168454,West Frisi,158,2021-02-25 03:18:16
729,Beginning of an Unkn,20574998,Japanese,77,2021-04-27 10:18:49
730,Prince of Darkness,58298371,Norwegian,182,2020-04-20 03:24:15
731,"Far Off Place, A",82297437,Azeri,22,2021-03-22 09:00:49
732,"Girl Cut in Two, The",28320543,Hiri Motu,84,2021-04-22 09:10:19
733,Dead Silent,10491112,Korean,143,2019-11-29 08:13:53
734,Planet B-Boy,66352729,Aymara,32,2019-12-20 11:03:39
735,Evil (Ondskan),24797622,Macedonian,184,2020-04-05 13:14:30
736,We Still Kill the Ol,56512555,Irish Gael,29,2020-07-20 07:45:05
737,"Human Condition III,",38189253,Bengali,150,2020-07-04 20:53:53
738,Bad Family (Paha Per,78773316,Pashto,76,2021-01-09 06:43:33
739,Nativity!,89596615,Georgian,95,2020-07-08 08:50:08
740,April in Paris,70747731,Tsonga,44,2020-10-22 16:25:52
741,Silent Souls (Ovsyan,1471403,Amharic,115,2020-06-02 08:21:30
742,Empire,96767909,Croatian,104,2020-06-07 13:46:58
743,Children of Men,86486516,Assamese,126,2021-03-25 13:48:08
744,Crossing Delancey,81948704,Swedish,149,2019-10-23 07:19:28
745,All That Heaven Allo,2490428,Pashto,146,2019-10-13 15:24:52
746,Libel,21525385,Pashto,25,2019-10-09 01:03:55
747,Beware of Mr. Baker,45750862,Mongolian,171,2020-07-05 15:47:10
748,Choke,27468872,Haitian Cr,92,2020-06-21 16:42:23
749,"Browning Version, Th",59075829,New Zealan,123,2020-11-08 14:34:41
750,Flash Gordon,61956515,Chinese,25,2020-09-28 10:03:14
751,Nightwatching,43051936,Swahili,75,2020-10-22 07:49:41
752,"Other Son, The (Fils",8110403,Hiri Motu,61,2020-12-03 00:37:18
753,Wild About Harry,54961617,English,184,2020-08-01 20:07:00
754,"Secret Garden, The",42233187,Norwegian,35,2021-04-07 02:25:16
755,"Space Movie, The",86349897,Czech,60,2021-01-08 00:16:40
756,Radio Days,97641107,Guaraní,158,2020-01-23 18:44:23
757,Pulling Strings,2565206,Tswana,121,2020-09-02 23:34:22
758,Southern Comfort,26675958,Tajik,177,2021-02-11 09:25:58
759,Let's Talk About Sex,16658959,Swedish,139,2020-01-10 09:40:01
760,"Missing Star, The (L",31272242,Guaraní,183,2019-10-21 21:57:47
761,Knight Without Armor,93994410,English,151,2019-11-04 01:33:33
762,Objectified,92838122,Telugu,77,2020-02-19 18:27:28
763,Exorcism of Emily Ro,38731808,Arabic,24,2019-12-31 23:40:28
764,Wag the Dog,30686127,Zulu,67,2019-10-19 07:58:34
765,Brubaker,36642457,Amharic,17,2019-12-20 10:17:16
766,100 Girls,53930009,Bislama,144,2020-03-22 23:55:37
767,Zen Noir,73327735,Papiamento,28,2019-11-06 12:07:34
768,Runaway Jury,46310916,Malagasy,68,2020-01-10 10:53:00
769,Trancers III,987350,Telugu,31,2019-12-10 20:15:01
770,Iceman,83802781,Afrikaans,101,2019-11-20 07:00:59
771,"Circle, The (Dayereh",70608511,Punjabi,92,2020-03-04 02:41:07
772,Mitä meistä tuli,43897244,Spanish,61,2020-06-11 14:54:42
773,Shiver (Eskalofrío),3318289,Chinese,134,2020-07-20 02:56:30
774,Calling Bulldog Drum,65553345,Mongolian,126,2021-03-09 23:46:47
775,"Trip, The",30968264,Kashmiri,120,2019-10-31 04:16:03
776,In God's Hands,30844342,Swedish,99,2020-01-14 09:41:23
777,"Night of the Hunted,",12520804,Norwegian,105,2020-08-25 23:37:03
778,Raja,3144421,Afrikaans,96,2020-12-22 06:17:30
779,Beast of Yucca Flats,94823027,Persian,154,2020-09-10 10:59:26
780,Sex and Fury (Furyô ,43100971,Tsonga,70,2021-02-03 02:15:34
781,"Easy Riders, Raging ",68408362,Quechua,64,2020-10-25 20:57:05
782,In a Better World (H,25701529,Afrikaans,184,2019-10-17 12:06:31
783,Boys,56455167,Korean,10,2020-01-26 20:28:16
784,Cloudland,92389634,Swahili,165,2020-02-12 16:36:36
785,Metropia,91762402,Greek,139,2020-02-18 05:59:37
786,Gunga Din,31485593,Icelandic,13,2020-08-23 10:59:30
787,Castle Freak,4600644,Spanish,100,2020-07-19 15:00:04
788,Strike (Stachka),48039848,Tsonga,188,2019-12-13 06:46:26
789,Springtime in a Smal,73368812,Swati,176,2021-01-18 16:43:24
790,"Demon in My View, A ",72766031,Kashmiri,148,2019-11-23 07:07:32
791,"White Dwarf, The (Va",11778460,Telugu,95,2020-03-18 19:27:29
792,Where the Rivers Flo,23844627,Tsonga,39,2020-12-27 15:21:26
793,Desert Flower,12518355,Greek,89,2019-11-21 13:38:31
794,Year of the Jellyfis,13403280,Lithuanian,41,2019-11-13 01:49:23
795,"Corsican File, The (",68210569,Italian,104,2019-12-23 17:10:30
796,Tony Rome,44812884,Estonian,79,2021-03-08 07:08:04
797,Meteor,21277313,Tamil,97,2020-05-07 04:41:37
798,"Summer's Tale, A (Co",29921445,Māori,7,2020-03-06 03:45:36
799,"Linguini Incident, T",44638448,Swedish,130,2019-11-07 03:25:04
800,American Ninja 4: Th,11745471,German,134,2020-09-21 18:04:41
801,Unhook the Stars,66346680,Tetum,115,2021-01-02 15:04:03
802,Totally F***ed Up,56042874,Moldovan,2,2019-12-14 23:23:14
803,Eden of the East the,33117960,Telugu,113,2020-12-20 03:47:27
804,Don't Torture a Duck,71433525,New Zealan,68,2020-01-02 03:16:44
805,"Boys of St. Vincent,",75342127,Burmese,124,2020-01-27 01:25:58
806,Scenes from a Mall,43492217,Kyrgyz,141,2021-02-14 12:45:36
807,"Dukes of Hazzard, Th",58097699,Japanese,170,2021-05-08 02:39:01
808,Nobody Else But You ,92775940,Indonesian,41,2020-09-27 13:51:17
809,"Taste of Tea, The (C",50139275,Fijian,156,2019-12-29 03:56:41
810,Crazy Love (a.k.a. L,67275387,New Zealan,169,2020-07-11 12:04:43
811,"Embalmer, The (Imbal",37312695,Swahili,97,2020-07-13 10:56:35
812,Sixty Six,67651246,Kannada,82,2020-08-05 21:45:00
813,Bride of Frankenstei,62071963,Amharic,92,2019-12-12 20:28:00
814,Southbounders,60388251,Swahili,101,2020-07-20 13:23:30
815,"Blood of a Poet, The",57550143,Pashto,107,2019-11-12 09:15:41
816,What Fault Is It of ,80238466,Hebrew,43,2020-01-04 23:48:31
817,Poor Boy's Game,33025935,Azeri,3,2020-08-28 08:17:41
818,For Neda,5424046,Pashto,110,2021-01-29 04:34:22
819,Dead Reckoning,21965058,Bulgarian,37,2021-01-07 03:16:59
820,Touch the Top of the,20885244,Guaraní,158,2020-07-12 18:37:03
821,Last Days in Vietnam,78064836,Afrikaans,73,2021-04-13 17:34:02
822,Night in the Life of,67164428,West Frisi,131,2020-07-07 07:13:22
823,Alvin and the Chipmu,13528472,Nepali,111,2020-07-05 07:48:57
824,Keeping Mum,8510604,Amharic,38,2021-04-07 16:02:52
825,Panda! Go Panda! (Pa,83825067,Gagauz,57,2020-12-20 17:25:51
826,Hardboiled Egg (Ovos,90813320,Swedish,93,2020-05-11 21:40:03
827,Death Watch (La Mort,12689641,Bosnian,56,2020-02-16 06:47:23
828,Visitor to a Museum ,39146315,Marathi,154,2021-02-16 03:35:47
829,Lincoln,52488192,Montenegri,151,2020-05-29 10:55:22
830,"Swinger, The",73057691,Latvian,144,2019-10-13 05:33:23
831,What If,22295607,Indonesian,51,2020-07-11 23:14:35
832,Criminal,60381463,Punjabi,114,2020-09-23 08:09:12
833,Mozart's Sister (Nan,30598761,Zulu,143,2020-10-12 11:45:29
834,Quai des Orfèvres (J,43986497,Korean,54,2020-02-25 19:27:31
835,Bells from the Deep,95266874,Moldovan,30,2020-08-09 19:07:50
836,Red Dawn,18761036,English,192,2021-04-28 01:14:27
837,Night of the Demons,64588628,Aymara,101,2019-10-09 18:46:13
838,Daddy Nostalgia (Dad,55089151,Tetum,173,2020-07-21 18:30:51
839,Three Coins in the F,84423442,Finnish,125,2019-10-08 06:59:41
840,"Legend of Rita, The ",71434005,Haitian Cr,59,2020-12-07 19:51:18
841,Labor Day,32042097,Gujarati,106,2019-10-21 08:52:30
842,Land,83371837,West Frisi,186,2019-12-17 13:57:51
843,Eerie Tales (Unheiml,83474913,Dzongkha,170,2021-04-24 01:13:11
844,Prey for Rock & Roll,94558242,Estonian,112,2020-01-29 20:43:36
845,Fright to the Finish,51496828,Tsonga,175,2020-12-02 16:47:07
846,"Big Street, The",62199335,Armenian,142,2019-10-24 09:56:11
847,Man of Her Dreams (a,94580934,Albanian,189,2019-10-15 04:06:51
848,Celine and Julie Go ,46661310,Mongolian,104,2020-04-29 03:38:58
849,Hanussen,20216908,Swati,116,2020-05-24 02:54:24
850,Austin Powers in Gol,80527523,Moldovan,83,2020-11-21 03:32:24
851,Paralyzing Fear: The,91960213,Somali,48,2020-08-31 18:07:47
852,"Winslow Boy, The",63582178,New Zealan,174,2021-04-12 02:04:17
853,"Sentinel, The",61297293,Dhivehi,158,2021-05-01 15:13:11
854,Superman/Shazam!: Th,26338540,West Frisi,94,2020-04-22 03:34:55
855,Live Wire,28004755,Finnish,14,2021-04-23 21:45:29
856,"Skeleton Twins, The",37861581,Tajik,76,2020-10-17 07:52:58
857,Hella W,86982349,Polish,17,2020-02-16 03:13:09
858,Yeti: The Giant of t,85749734,Tamil,114,2019-10-17 21:13:00
859,"King of Ping Pong, T",97810883,Swati,167,2020-03-29 11:22:47
860,Looking for Hortense,84481611,Somali,59,2020-05-31 03:13:53
861,Prime,90066978,Czech,105,2020-11-09 23:39:45
862,Space Amoeba (Yog: M,82158201,Malay,147,2020-09-10 06:16:43
863,Nightmare on Elm Str,60462160,Tswana,137,2021-05-03 12:18:44
864,"Jeanne Dielman, 23 Q",49301462,Kurdish,79,2019-10-15 17:07:24
865,Encino Man,24548370,Quechua,161,2020-04-13 16:59:16
866,My New Gun,17959607,Oriya,48,2020-01-16 11:39:58
867,"Upside of Anger, The",58824104,Bislama,7,2021-04-20 00:48:20
868,In a Glass Cage (Tra,71164052,Norwegian,181,2021-01-20 19:10:22
869,Yolki 2,23068307,Tajik,155,2019-12-02 14:36:10
870,"Wounds, The (Rane)",11844726,Lao,177,2020-03-08 19:17:53
871,Amuck!,26951560,Tajik,49,2019-11-01 07:38:25
872,Strings,5807316,Tswana,67,2019-11-19 04:49:25
873,Apple Jack,29668226,Chinese,178,2020-01-23 20:46:58
874,Best in Show,18550411,Bulgarian,163,2019-11-13 06:21:36
875,Terminator Salvation,37032691,Icelandic,57,2021-03-19 03:17:41
876,I Know Who Killed Me,92056002,West Frisi,188,2019-12-30 23:44:26
877,"Best Intentions, The",37193786,Khmer,10,2021-04-18 06:51:17
878,By the Sea,23820248,Czech,100,2019-10-06 06:55:35
879,Adventures of Sebast,3313659,Georgian,120,2020-10-29 07:32:43
880,"Closer You Get, The",43171715,Greek,16,2020-01-19 07:21:23
881,Threads,98749947,Khmer,14,2019-12-31 19:44:36
882,Valley Of Flowers,10957473,Finnish,169,2021-02-16 00:05:12
883,Love Before Breakfas,67773440,Tetum,161,2021-02-12 10:03:06
884,Within Limits (Liikk,2474017,Telugu,5,2021-04-25 02:18:30
885,"Verlorene, Der (Lost",23929262,Kashmiri,65,2020-01-18 10:47:00
886,"Yank in the R.A.F., ",16039564,Albanian,181,2020-07-07 10:32:50
887,"Wake in Providence, ",30592538,Romanian,130,2020-06-11 11:16:26
888,"Thorn in the Heart, ",93424339,Khmer,133,2020-03-25 03:53:34
889,Luminarias,26886045,Maltese,186,2020-04-24 14:54:23
890,Pocket Money,93677796,Gagauz,91,2021-04-16 16:41:02
891,"Code, The (Mentale, ",28981398,Malayalam,180,2020-07-13 02:16:33
892,"Poll Diaries, The (P",37944967,Fijian,91,2019-12-16 00:36:09
893,The Little Death,11363708,Portuguese,177,2020-02-25 14:21:22
894,Young at Heart,12318061,Thai,40,2019-12-20 09:11:15
895,Sunset Park,99648669,Afrikaans,141,2020-02-05 07:40:46
896,Man - Woman Wanted (,97718651,West Frisi,160,2020-06-07 01:59:13
897,Stonewall,98916683,Czech,146,2019-12-09 08:10:26
898,Snow White,85931003,Moldovan,2,2020-10-08 19:19:35
899,Sitting Bull,72551676,Khmer,43,2020-10-28 13:29:33
900,Bonnie and Clyde,95058797,Persian,31,2020-11-14 19:08:38
901,"13th Warrior, The",32379733,Romanian,63,2021-01-18 05:38:04
902,Dumb and Dumberer: W,17950457,Montenegri,58,2020-01-15 15:15:55
903,Snowriders,71462048,Bosnian,16,2021-02-18 23:34:02
904,And Along Come Touri,97589178,Somali,171,2020-06-07 23:27:01
905,Coup de torchon (Cle,16834152,Assamese,11,2020-11-17 09:53:50
906,FairyTale: A True St,19954569,Malagasy,97,2020-03-26 12:41:38
907,Faat Kiné,53811332,Moldovan,149,2020-09-19 12:35:06
908,Like Mike,46550404,Haitian Cr,110,2021-02-08 01:50:23
909,War of the Robots (L,54654985,French,52,2020-09-09 10:20:19
910,Little World of Don ,86195918,Sotho,172,2020-11-30 11:27:07
911,Paranoia,32178367,Pashto,89,2021-02-04 06:17:03
912,Van Helsing,65277911,Bislama,22,2021-03-22 11:32:46
913,"James Dean Story, Th",48104033,Nepali,53,2020-10-07 06:06:53
914,"Rachel, Rachel",83816549,Italian,125,2020-02-21 05:29:06
915,Advantageous,93562840,Dutch,191,2020-07-23 14:42:52
916,Blindness,84599018,Belarusian,169,2020-11-19 02:25:24
917,"Hangover, The",97899667,Filipino,122,2021-02-22 16:57:53
918,Jude,37076264,Swedish,103,2020-12-16 18:41:11
919,King of the Jungle,53812170,Maltese,62,2020-07-08 13:50:19
920,Rolling,4198368,Sotho,193,2020-10-11 11:34:40
921,Trancers III,58970970,Amharic,98,2021-01-31 05:01:47
922,Airplane II: The Seq,74830490,Kurdish,116,2019-11-30 23:33:57
923,Lemora: A Child's Ta,8508703,Filipino,121,2019-11-04 15:19:22
924,High and Low (Tengok,28054351,Māori,135,2021-01-07 22:09:34
925,Wisconsin Death Trip,89099805,Dari,91,2020-03-17 23:28:52
926,Fern flowers (Fleur ,68392491,Sotho,38,2020-09-05 11:05:08
927,While You Were Sleep,57988082,Polish,12,2021-04-02 15:01:46
928,Trespass,27280330,Dari,167,2019-10-21 07:16:11
929,"New York Ripper, The",81555539,Italian,56,2020-06-08 17:07:30
930,Bring on the Night,71668125,Maltese,108,2021-04-17 09:08:51
931,Rally On! (Rallirait,47297769,Luxembourg,166,2019-12-29 20:59:14
932,Wreckers,45739741,Finnish,37,2020-11-01 11:43:10
933,Garden State,72708388,Icelandic,64,2019-12-14 04:55:49
934,Death of a Salesman,61402173,Korean,101,2021-02-22 07:13:52
935,"Manxman, The",8525546,Marathi,22,2019-11-05 03:07:30
936,11 Flowers (Wo 11),80194605,Nepali,119,2021-01-22 20:03:13
937,"Little Night Music, ",43942397,Sotho,129,2020-07-27 05:14:58
938,Flightplan,92074863,Estonian,14,2020-05-27 03:53:32
939,Blitz,38954167,French,165,2019-12-27 11:48:32
940,Creature from the Ha,56462590,Khmer,186,2020-12-08 13:30:09
941,Free Willy,64272396,Czech,183,2020-09-10 18:05:18
942,Sorority Boys,4830590,Filipino,146,2019-12-01 09:58:18
943,Northwest Passage,47103704,Korean,185,2020-12-06 19:39:52
944,Striptease,54171420,Icelandic,193,2019-11-26 02:56:04
945,"Doors, The",63449297,Bengali,64,2020-01-14 01:37:25
946,Passion Flower,4996200,Swati,193,2020-11-10 19:34:51
947,Praise,71411634,Telugu,103,2019-12-14 01:40:19
948,More Than Honey,31011083,Malay,6,2021-03-14 20:18:15
949,Fear Island,46871829,Kyrgyz,51,2020-06-27 07:21:45
950,Allegheny Uprising,31477581,Papiamento,126,2020-05-23 14:08:14
951,Mother Carey's Chick,15553916,New Zealan,110,2020-02-20 18:02:03
952,Jönssonligan spelar ,80967600,Marathi,58,2020-03-25 01:01:16
953,Impure Thoughts,25377932,Gujarati,76,2020-07-15 21:42:38
954,Last Exit to Brookly,33862571,Telugu,62,2020-12-06 13:50:40
955,Meatballs,62440655,Belarusian,56,2020-06-14 08:54:43
956,"Man Who Sued God, Th",80534061,Arabic,176,2019-12-04 22:09:58
957,Deadly Surveillance,17363536,Tamil,17,2020-09-12 15:58:18
958,"House of Rothschild,",86387820,Pashto,146,2020-03-02 06:30:03
959,5 Against the House,18143616,Hungarian,175,2020-12-17 00:01:16
960,"Traveler, The (Mossa",23639834,Finnish,148,2019-10-10 06:18:03
961,"Baytown Outlaws, The",31285455,Amharic,182,2020-05-20 12:48:53
962,Slumming,82870155,Malay,115,2019-11-01 18:22:04
963,St. George Shoots th,22050233,Dhivehi,78,2020-03-26 16:40:53
964,Black Pond,60679674,Finnish,163,2019-11-23 08:30:57
965,Phantom of the Opera,42493770,Swedish,78,2019-10-26 17:36:55
966,Prom Night III: The ,28353572,Chinese,81,2020-09-25 07:17:39
967,Decoys 2: Alien Sedu,85382864,Telugu,175,2020-11-02 09:43:42
968,American Winter,33654666,Moldovan,27,2019-11-14 06:14:58
969,Galapagos Affair: Sa,6713979,Tswana,96,2021-03-06 02:42:32
970,Blue Collar,11841671,Marathi,12,2019-10-05 08:00:57
971,Masseurs and a Woman,93611616,Montenegri,61,2020-03-17 04:49:33
972,Killers from Space,77989894,Dhivehi,130,2020-03-12 10:53:57
973,Friendship!,16287360,Northern S,135,2019-11-05 23:25:14
974,"Sea Inside, The (Mar",61175703,Polish,177,2020-12-17 11:37:35
975,"Immortals, The",98933487,Bosnian,105,2019-10-31 03:03:34
976,"Man Who Loved Women,",84120469,Luxembourg,47,2020-03-10 07:49:59
977,Last Chance Harvey,85422366,Malagasy,3,2020-09-26 10:36:09
978,Guest of Cindy Sherm,28875982,Portuguese,18,2020-03-23 07:08:37
979,My Kingdom,45932240,Finnish,168,2020-08-03 23:30:56
980,Genealogies of a Cri,36048867,Hindi,183,2019-10-27 11:28:36
981,"Burning, The",25179477,Dari,124,2020-01-16 07:37:00
982,Oliver Twist,22195666,Somali,162,2020-06-18 04:34:58
983,"300 Spartans, The",93484032,Tetum,59,2019-11-20 03:27:07
984,Seduction of Joe Tyn,64093827,West Frisi,167,2021-04-03 22:33:46
985,Cheaper by the Dozen,49139691,Telugu,72,2020-06-01 05:51:49
986,Coffee and Cigarette,7230521,Czech,4,2021-03-02 07:33:32
987,"Assault, The (L'assa",74488245,Hungarian,44,2020-04-02 00:13:37
988,Angel Dog,40347323,Indonesian,186,2021-01-23 00:27:58
989,Sudden Fear,87396909,Korean,5,2021-03-16 18:39:38
990,No Escape,77911057,Belarusian,48,2019-10-22 10:56:01
991,Wild Bill,47986730,Mongolian,131,2019-11-13 10:38:25
992,Shaolin Temple 3: Ma,80405244,Georgian,8,2021-02-04 09:00:36
993,Outer Space,36248303,Irish Gael,13,2020-12-13 19:53:47
994,The Death and Life o,26901263,Catalan,157,2021-03-08 08:29:26
995,Dr. Dolittle,61884154,Catalan,125,2019-11-12 09:39:34
996,"Pellet (Bola, El)",14804215,Italian,149,2020-02-19 09:08:07
997,Tobruk,49266333,Polish,115,2020-04-08 01:11:42
998,Blissfully Yours (Su,73547548,Marathi,145,2020-01-19 09:33:37
999,Up in Smoke,80862260,Maltese,76,2020-05-22 04:09:01
1000,American Winter,32299822,Latvian,130,2020-06-24 22:49:38
